,tweet_id,text,is_sarcasm
0,264033382076407808,you are full of shit,False
1,265895586660757505,you're fucking retarded,False
2,265895723445411841,you are the stupidest man on planet ea h,False
3,265896172726661120,i am continually amazed and terribly inspired by you if such an idiot can make a ton of money here's hope for me yet,True
4,266042962650226688,hey you mad bro,True
5,291941831476920321,go fuck yourself,False
6,299530972087599105,if you hate america so much you should run for president and fix things,False
7,331907859916922880,you asshole stfu abt military you know nothing men like you assault think it's a woman's fault as a vet you sicken me,False
8,365694278845997057,dude that's freaking cool as heck wind turbine blades will slice million birds and bats to death in yrs,True
9,377947866641485824,i would like to extend my best wishes to all even the haters and losers on this special date september th,True
10,388618880605646848,beautiful morning walk in hyde park london with,False
11,427956124411641856,retweet if you agree w hillaryclinton,False
12,440331541580099584,why the fuck do i even follow you because you're addicted to genius asshole,True
13,440688053129318400,if was president middle class would make more i honestly think he could keep jobs in america so true-easy,True
14,484662433404162048,haha just came up and asked are you guys the vamps we are all confused and impressed she was soo nice,False
15,516382428395745280,do you pay an angry year old boy to handle your twitter account,True
16,537158751116357632,sadly your racism is poisoning your barely functioning brain you are a terrible person,False
17,587354526857957376,hillary clinton has stolen our innovative wikileaks twitter logo design compare vs,False
18,587364252484296705,yaas,False
19,592958704196059136,it's clear been racist saying our african american president it's plain to see we won't miss u when u perish,False
20,596194588064354304,there's an impo ant choice to be made today vote wisely  favourite for milk first  retweet for milk last electionday,False
21,624651124545581056,has been a great friend for many years we don't need another politician we need a businessman like mr trump trump,False
22,625869142592212992,toast dems had better get the'b team off the bench for attorney general under president trump,False
23,630010650488541184,not sure why blasts for objectifying woman treating women as objects really megyn,True
24,634155794724814848,i mean if you're so good at negotiating how come you couldn't get,True
25,634750634420531200,every time i see address a crowd i want to sta chanting usa usa usa americanpride is back trump,False
26,634892204759056384,if only keeps of his promises that will still be times more than the has in years,True
27,638663725763923968,a real hero would have actually written fuckface coward,False
28,643583883506749441,fuck,False
29,651489489811046401,which clown would you rather see as president retweet for bozo the clown favorite for donald trump,True
30,658662473231298560,hey you saw a kid lost in new york and didn't tell an adult how can we trust you to be president,False
31,661259584418545664,thank you for tweeting me so honored to suppo you,False
32,665937465430188032,why should americans trust you to be president when they can't even trust you to sell the stunner,False
33,667407931768512512,hey i'm an american muslim and i already carry a special id badge where's yours semperfi usmc,True
34,669296173241540609,he's got game in it to win it makeamericagreatagain,False
35,670180327399165952,my superpac the american people go trump we got your back makeamericagreatagain trump,False
36,671463022280347648,how can u deny climate change when my pussy this hot fire sun fire,False
37,671881255655489536,i don't hear much from these days has she been arrested if not why not ccot tcot pjnet p,True
38,673988818198892544,every candidate for president needs to do the right thing condemn statement,False
39,674008204838199297,finally trashed by will still reserve him a seat on the blue origin rocket senddonaldtospace,True
40,674375959626256384,cc  red ale trump team  lunatic progressives calling for trump assassination,False
41,674423766491922432,why i am a trump suppo er trump,False
42,675390247165915137,you are a disgrace not only to the gop but to all america withdraw from the u s presidential race as you will never win,False
43,676958069423808513,give me a small christmas gift of a million dollars,True
44,677194957443088384,in an age of pussified political correctness you have to respect the people who remain unfiltered,True
45,678992241357000705,over of middle east refugees in usa collect welfare oa news refugee,False
46,681156670186192898,,False
47,681773089173024768,front page trump wins in landslide new york times  november trump,False
48,681975261064110080,hang in there america it won't be long vote for trump the next potus trump trumptrain a,False
49,687317650658189312,to bernie sanders with thanks for your commitment to real health care access for all americans ,False
50,688744010010107904,no you don't fuck you,False
51,690330740458967041,oga trump edakun when you win plss help me depo jide in texas me he stole my gf rm me in secondary school,True
52,690562515500032000,poor jeb i could've sworn i saw him outside trump tower the other day,True
53,691087262776426497,we are the united states of america we're coming united to take our country back trump,False
54,692033042383269888,my po rait of made using only the racist sexist ignorant and bigoted things he has said,False
55,692504112882171904,anne frank's stepsister compares to hitler in holocaust remembrance essay,False
56,692552032113270784,,False
57,692790423010566144,trump you base your statements on photoshopped pics i bailed you out twice a rd time maybe,False
58,692915677099868160,i decided as a student a hispanic and an american to suppo leader a father and a unifier,False
59,693175853853904898,oh yeah btw i still have a copy of this tweet you deleted sir,False
60,700374837517090817,shi by history by madeforhistory imwithher,False
61,700569519253618689,being in vegas for pieceofme is amazing for so many reasons especially when you get to meet,False
62,701146981142376449,meet me in person and tell me my brother yusor razan were deserving of the bullets scprimary ou hreewinners,True
63,703260852753981440,politicians let us down now its payback time trump trump makeamericagreatagain,False
64,703532623772180480,care to explain neve rump,False
65,703752690464063488,to get in the plane and go home,False
66,703900742961270784,it is better to live one day as a lion than years as a sheep makeamericagreatagain,True
67,704756959019474948,bless your hea,True
68,705344003399495680,we are praying for you trumpnation trumptrain no weapon formed against you will prosper,False
69,705912175492071425,it's still fuck you,False
70,706122813933879296,the fact didn't attack the way he attacked tells you everything,False
71,706942758284599298,btw i'm a democrat crossing over to for life trumptrain trump,False
72,707757793458130945,we have laws  demdebate,False
73,708123394563284993,tell us more about how sexism is wrong gopdebate,True
74,710106794970972160,thank you so much president to god be the glory for you the holy spirit is with you trumptrain,False
75,712380720656883713,retweet if donald j trump has your vote for the general election retweet for a revolution,False
76,714880276833386496,european people want to become potus to stop the radicalism islamic invasion wiprimary trump,False
77,715617770541416448,the good deeds of that msm won't tell you maga votetrump stopthesteal,False
78,716290187467227136,its all very suspect neverhillary womenfo rump trump,False
79,718269634814865410,first wwe hall of famer to become president,True
80,718576790076329984,hello boys this is my formal endorsement of i'm a woman last i checked and rudy u r amazing,True
81,719358634686341121,the gop tried to shut reagan down too look what happened trump makeamericagreatagain united states,False
82,719474959286800385,wins wy but nets more delegates it is a system rigged against voters,False
83,720658373914583041,one of my followers tweeted this meme yesterday i think it sums up quite nicely,False
84,722628702748688385,wow really nice,False
85,723227294781857792,ayo i almost forgot to tell you,True
86,724273120144678913,why are sg john hatley lt clint lorance in prison while obama frees gitmo terrorists,True
87,724408451963621377,from pue o rico with love middle finger light skin tone middle finger medium-light skin tone middle finger medium skin tone middle finger medium-dark skin tone middle finger dark skin tone,True
88,725683449370165248,trump on board the train double exclamation mark locomotive dashing away dashing away dashing away dashing away dashing away dc united states,False
89,727767817253203969,let's get this pa y sta ed madame secretary trump,True
90,727844765795024896,on the same day becomes our nominee we celebrate the life of my pup brookie i wont forget u baby,False
91,728273809925496832,rock on believing in from the begining  when so many thought trump was a joke,False
92,728317229943554049,any day is a great day for pho soup i love asians,True
93,729857410446336000,united states i am a woman i just voted for nebraskaprimary trump trumpforpresident,False
94,731258790159499264,dad daughter work day when the option to spend time w grandpa showed she dropped me like a rock face with tears of joy,False
95,732760762536464386,,False
96,732977711358955521,i am a black woman educated ba mba independent thinker i suppo trump person raising hand medium skin tone trump maga dealwithit,False
97,733858324089700352,smiling face with hea eyes sweat droplets daddy,False
98,735915713404260352,i am delighted that has agreed to debate let s do it in the biggest stadium possible,False
99,739120672446676992,it's not racist to say america first it's nationalist i've always been for my country first that's why i'm for ca nm,False
100,740326782029549568,proud to suppo she's making history not for herself but for women everywhere imwithher,False
101,740349876333076481,you're good at one thing lying,False
102,740973713965907968,can we trust you watch hillaryforprison,True
103,740974036541313024,just like all those emails requested by congress,True
104,740975081921216512,one thing is for sure this is the weirdest fucking election cycle of all time,False
105,740975156001148928,,False
106,740993607289688065,if anyone knows how to use a delete key it's you,True
107,741116436215701504,i believe the term is just rat delete,True
108,741202449139007488,wow my newborn just said mum isn't prioritising symbolic victories over material gains antithetical to leftism,True
109,741413352132509696,trump crosses all barriers in prayer dr parson trump buildthewall trump,False
110,741764117934055424,,False
111,741811105291489280,we are all family join trump family we the people family,False
112,743219394155683840,stop pandering you're so fake it's ridiculous trump neverhillary dropouthillary,False
113,743992032901795841,stay out of houston this for my people trump,False
114,746259655639318528,it's a great thing that the people of the uk have taken back their country says after brexit,True
115,747919445431967744,hillary i'll lie steal cheat or kill benghazi neverhillary imwithher maga,True
116,749003458926305280,clint eastwood on trump he is fearless he is great likeaboss trump trumptrain,False
117,750455702108286976,is representing the absolute hea break anger frustration in a government gone bad,False
118,751497493871890434,notice the differences dallaspoliceshootings makeamericagreatagain,False
119,752113909348216832,greatest campaign picture ever just love it,False
120,752529684303343620,for those who don't fully grasp how badly messed up,False
121,752960915444633601,show this to those who don't fully grasp the severity of email breach because the media won't,False
122,753690111632674820,references pok mongo,False
123,753923452919087105,i predicted a presidency on nov one yr later on nov it'll be reality maga,False
124,753965091544969216,you are our only hope mr trump imwithyou,False
125,754070414851276800,those are profound statements coming from our soldiers risking their lives for us trumppence j la red hea,False
126,756040651779760130,teamtrumppa will swing pa from crookedhillary blue to red americafirst trumppence locomotive dashing away united states united states,False
127,756324079301496832,me with some of the dangerous terrorists doesn't want to risk giving refuge to syrianrefugees,True
128,756331289037402112,i m with you not included women african americans lgbt people muslims latinos immigrants,True
129,756507277264297985,dear thank u for promising to protect me from terrorists while glossing over the fact that you'd take away my marriage,True
130,756648692283834368,sorry no one was paying attention to your announcement we are all too busy ready wikileaks dncleak,True
131,756654167800807424,is brilliant and progressive and he will make a great vp alongside imwithher and i'm excited to be with them,False
132,756710850694639617,thank you for the terrific endorsement of by who will b our next potus,False
133,757792685205786624,had an amazing time tonight suppo ing at the demsinphilly tonight imwithher,False
134,758134742415925248,watch me + friends suppo ing stronge ogether demsinphilly,False
135,758363610145927168,will be the st woman to be a major pa y presidential nom see the big moment on cnn demsinphilly,False
136,758424621867757569,since this is veep nite at dnc i thought it would b appropriate declare proudly imwithher,False
137,758482393850343424,if you're with and all the way to the white house,False
138,758856435283275778,,False
139,759117371239915520,hillary clinton exposed,False
140,759531057859395584,wow thinks we muslim women aren't allowed to speak let's let him hear us in nov in honor of mrs khan raised fist medium-light skin tone trumpsacrifices,True
141,759605904614518785,what a great day so proud of and let's go win this together,False
142,759923959206850571,we're coming watch out,False
143,760162462473871362,huma abedin could be chief of staff dems did you know about this backhand index pointing down crookedhillary crookedstaff,True
144,760169625321701376,even if you don't have children or grandchildren you will be asked for the rest of your life what did you do to stop,False
145,760498161806827520,mr charles woods says hillary lied about how his son tyrone woods died in benghazi neverhillary,False
146,760991811317932032,if trump builds the pipeline buffet will lose billion now you know why he's with her,True
147,761297948495994882,my pledge locomotive dashing away no matter what they say trump says does is or was he has my loyalty white heavy check mark ote united states trumppence united states imwithyou,False
148,762820080409333760,how many times can we retweet this video of falling while getting on to air force one trump,True
149,763028427498807297,this is the punk who says trumps not fit to run for president j la red hea,True
150,763153156268109824,it must be the responsibility of all americans to condemn remarks the violence they suggest,False
151,763425766956797952,collision go granny collision trumppence neverhillary americafirst nra alwaystrump trumptrain maga,False
152,765116420569071616,imwithyou friend let's bury the past failures trumppencelandslide americafirst trumppence,False
153,765261359722274816,great speech thus far this is why you're getting my vote,False
154,765676213671120896,a trump inspired dance tune for the election,False
155,766461872765677568,wakeupamerica maga a ccot tcot,False
156,766825906459377664,whereshillary watching this video of sho circuiting,True
157,767052608653692928,presently in hispanic roundtable with leaders from across the country,False
158,767942167830507520,with a message for the amazing people in akron ohio all aboard the trumptrain let's maga united states united states,False
159,768590515667345410,years old hispanic a woman this is why i suppo ps = the inspiration for this face blowing a kiss,False
160,768613669781417984,thank you for the tremendous introduction decent people can beat the establishment,True
161,769277794815737858,alex jones uncovers pickle-gate picklegate,False
162,770239868664442880,ever wonder why republicans want voter id obama won in every state that did not require a photo id,True
163,770412361081458688,en route to oklahoma to campain for we're stronger together united states imwithher,False
164,770423536129302528,personally looks at hits comment counts on stories was i censored your call,True
165,771161424806764545,dear god we pray in the name of jesus christ that you bless help him to be elected potus in,False
166,771484413834047488,tomorrow on on the death of his cousin and response,False
167,771897464093806592,who wants a president that could be blackmailed dr ben carson,True
168,772155907677556736,september months after vince foster's death clinton campaign security jerry parks murdered,False
169,772193860336357376,doesn't fit the msm narrative  so they wont share what did for jesse jackson in  so i will,False
170,772203008126058497,huge youtuber dna reveals he is th cousin,False
171,772578181584941056,you make me look like an angel,True
172,772792238489292800,a presidency would threaten religious libe y and put our constitutional rights in danger,True
173,772820984818696192,mrs bill clinton's worst nightmare black outreach he can connect with anyone,True
174,772910861870518272,the suppo for is unbelievable massive crowds everywhere trumpincanfield maga united states united states,False
175,773278843243270144,thank you for reading i'm incredibly moved to be accurate i'm ugly crying imwithher,True
176,773336278574039040,thank you annawintour for inviting me to this incredible event in suppo of,False
177,774176507576987648,is not racist there's really not excuses for people calling him that latinoswithtrump maga united states,False
178,774534287173554176,dear hi it's me one of the deplorables just wanted to let you know we won't fit in a basket ,True
179,774656602507018245,revolving hea s love all my deplorable basketbuddies for trump basketofdeplorables maga united states trumppence united states,True
180,774686275517440000,black people know when they're speaking to a racist pa ii basketofdeplorables maga boycottnfl,False
181,774732447648845825,my deplorable wife and deplorable me out knocking and handing out yard signs basketofdeplorables,True
182,775380862653247488,people who want their borders secured are not racists they're patriotic americans,False
183,775825843721469953,ivanka penned an op-ed that ran in the this afternoon read it here,False
184,775855934828453888,thanksobama for showing us the lies of politicians just like you will say anything to get elected,True
185,777279274101436416,family time after a long week on the campaign trail for definitely needed this maga trump,False
186,777518198837153792,um why are we paying for hillary's campaign trump proves to be right again riggedsystem,True
187,777659481081671681,just remember is fighting for you and hillary is fighting for her biggest donors maga trump,False
188,777856914961076224,tonight on the show and music from plus ew returns with fallontonight,False
189,777884879358988288,stopped by little haiti fl last week they weren't too happy w the clintons maga,False
190,777936284425781248,love and thank you always an honor my friend,False
191,778036749775675392,ladies and gentlemen,False
192,778403793969016832,my highest duty as president is to protect our citizens and to uphold the constitution of the united states ,False
193,778957045357772800,sits down between two ferns with zach galifianakis for her most memorable interview yet,False
194,779334733813587970,represents the political elite and so much of what has gone wrong over the past few decades,True
195,779461896625803264,viable candidates potus black circle hc=rd obama term red circle dt=real change in america trump maga folded hands medium skin tone united states,False
196,779488732621615105,i will lift my voice all over the nation get u elected thank u standing up against the establ,False
197,779495898690777088,new video is a failed businessman trumpbusinessfail trumptaxes,False
198,779507437392900096,the clinton misery a matter of temperament maga points neverhillary pointshigher,False
199,780223697860911104,some people seemed upset that i called a moron so i wanted to clarify my remarks he's also an asshole imwithher,True
200,780480921401118720,here's a list of of the biggest lies has told so far,False
201,780512370561060864,donald trump has no blood on his hands as does remember benghazi remember,False
202,780576068185063424,a administration will bring jobs back debates,False
203,780577527165284352,when speaks investments is a code word for crony capitalism government picking winners and losers debates,True
204,780578178729402370,government doesn't create jobs the private sector creates jobs debates,False
205,780579923295600640,has been pa of the rigged dc system for years why would we take policy advice from her debates,True
206,780581933176778752,this is the simple fact about she is a typical politician  all talk no action debates,False
207,780584959526498304,when is potus families are going to be safe and secure law and order will be restored maga,False
208,780588296065908737,i literally just did a dance around the room in my pj's exclamation mark microphone right arrow curving down,False
209,780588962398298112,i agree with  don't vote for debates,False
210,780589091138236417,i agree with  don't vote for debates,False
211,780591395052584960,hillary's policies have made america less safe that's why + general and military leaders have endorsed,False
212,780594205009772545,shoulder shimmy debatenight,False
213,780596946247553024,i agree that you should have tremendous stamina debates,False
214,780597166041628672,microphone right arrow curving down microphone right arrow curving down microphone right arrow curving down,False
215,780600714636759040,proud of had a vision and a plan and did her thing she was on point well done,False
216,780604340318773248,i received my passpo i'm ready to vote for my country for you for my daughter for women workers,False
217,780616850497384449,i'm flabbergasted that actually has a platform to speak to this many people i'm appalled,False
218,780737152107810816,voters are a bit like brexit voters they have enthusiasm passion trump has momentum and i t,True
219,780906000391864320,couldn't be more proud of her vision and command during last night's debate showed that she's ready to be our next,False
220,780948368205946880,for the record i competed in treated me w nothing but the upmost suppo respect both during after my reign,False
221,781093767713591297,is the continuity candidate if you want change in america you vote for,False
222,781508799932862465,crowds vs crowds by the numbers,False
223,781579899836465153,unbelievable is considering for the supreme cou this is why americans think the,False
224,781926108140703745,donald trump spelt backwards is pmu dlanod which makes no sense just like his thoughts,True
225,781945287925456901,problem isn't that he couldn't be heard on monday night his problem is we all heard him quite clearly,True
226,781967242317684737,make sure bullying never reaches the white house chip in now,False
227,782040839795113985,next on hannity while the clinton campaign tries to paint as sexist we speak with three women who say he's anything but,False
228,782640515850211329,carrie prejean was one of the only people that stood up for me and defended me,False
229,783007622588837888,hey here's my weak dad who volunteered to take your place in vietnam he died early rip dad he,True
230,783152079036620800,this guy got there at am and got a hug from he was so excited proud and he definitely de,False
231,783367117819088896,if the don't have the backbone to stand up to they don't have the backbone to stand up for working families,False
232,783416436001759233,our job is to elect and to understand that on the day after we are not finished we must continue the movement,False
233,783474744133840896,has a pay-to-play problem just like crooked vpdebates bigleaguetruth,False
234,783479285042581504,bold forward-looking economic plan will increase jobs wages incomes and oppo unities for all americans vpdebate,False
235,783479870131240960,law enforcement officers bring communities together keep us safe respect stand,False
236,783487018764558337,we need strong broad-shouldered leadership like in the white house vpdebate,False
237,783489855124860928,think you're deplorables basementdwellers think yo,False
238,783492506319069184,careless use of a secret server put national security at risk vpdebate bigleaguetruth,False
239,783850992332709888,uncle donald is a hero already so lets vote donald j trump for us president ,False
240,783870253008769024,this is so pathetic if weren't so vile i would almost feel sorry for her but she is and i don't,False
241,784138581812011008,getting down to brass tacks united states united states united states united states united states wethepeople gop wakeupamerica maga trumptrain trump,False
242,784162682270285828,cannot lead people you loathe,True
243,784224142694363136,my grandma estelle l schultz age born yrs before women could vote with her absentee ballot for st female p,False
244,784405076320382977,update i've now called charities looking for proof that gave millions of his own to charity,True
245,784497335124525059,anyone who is for women cannot vote for hillary,True
246,784594283009609728,were you lying or was sexual assault pa of your action every day it s a simple question you should have to answer it,True
247,784609346714013698,,False
248,784629820168794112,in his apology pretends his behavior in the leaked tapes was an anomaly no it is a pattern,False
249,784833262715830272,apologized for something he said yrs ago i accept it clinton still hasn't for lying about benghazi deleted emails,False
250,784841491042570240,man you got yelled at by tic tacs this is not going well,True
251,784852897439682560,you know what [ not running to be pope,True
252,784886190797455360,please retweet if not one word you heard say on the access hollywood bus surprised you not one word,False
253,784914786068881412,what's worse americans abandoned in benghazi or locker room talk,False
254,784915253268254720,who wanted to crucify gennifer flowers who called lewinsky a narcissistic loony toon answer,True
255,785107796995952644,just destroyed rudy giuliani and,False
256,785154318647296000,on phone with on plane en route to stlouisdebate,False
257,785179979021557760,that's a shitty ass drawing,False
258,785184351164198913,i earlier in motorcade en route to flight to st louis for debate photo credit,False
259,785197351379927041,should move away from a war of words focus on policy and his plan for strong border controls,False
260,785260911820836864,my wish for tonight's debates is that ignores the troll's time-wasting distractions and,False
261,785265137099735041,views failed eu vi ually as prototype to world government she represents establishment status qu,False
262,785266028032823296,police reform gun control mental health awareness women's rights affordable education debates,False
263,785288945160421376,i'm offended as an athlete that keeps using this locker room talk as an excuse,False
264,785293229390454784,is not above the law debates,False
265,785294480693952512,keep them notes memo,True
266,785295100674998272,icymi we are not in a narrative fight maga,True
267,785295867863568384, its called extreme vetting debates,True
268,785296228422590464,if i win i am going to instruct my atty gen to get a special prosecutor to look into your situation,False
269,785296681847906306,you need both a public and a private position debates,False
270,785297931884752896,is raising your taxes to a disastrous level is going to lower your taxes  big l,False
271,785299468945981441,i notice these are not built in mics tonight please drop the mic tonight hill microphone right arrow curving down dropthemichrc debates,False
272,785299486780383232,after a decent first debate is back to form pedantic lawyerly technocratic woefully untruthful responses,True
273,785303736868560897,if is president she ll be all talk and nothing will get done debate bigleaguetruth,False
274,785310165327151104,congrats to my running mate on a big debate win proud to stand with you as we maga,False
275,785312436240932865,if you agree won the debate big league maga,False
276,785321716209758208,dominated this evening's debate don't think ever really got going,False
277,785327164229050368,recap of the second debate,False
278,785348572090765313,rudy giuliani reacted to saying he will instruct a special prosecutor to look into,False
279,785511825395765248,just like michelle says when they go low we go high went high and showed why she'll be a potus for all americans,False
280,785570891052752896,focus fight on nov th god willing we the people will elect president we can do this,False
281,785849218808188929,watch mini-trump joins on stage at a rally,False
282,785892916262678528,treason gets less coverage than the locker-room talk no wonder america thinks your a joke,False
283,785896329646116864,instead of facing consequences for her actions like others have been protected at every turn by the obama admin,False
284,785918308189167618,new revelations from own aides are clearest proof yet the pay-to-play culture that dominated her state dept knew no limits,False
285,786026687867727872,tells suppo ers in florida to vote on november,False
286,786078144545562624,bomb this image keeps getting deleted from social media by admins thinking face i wonder why do you know,True
287,786210616767713282,in the words of these were the good old days this is what he means by make amerikka great again,False
288,786211994777124864,i have a question for the republicans,False
289,786301065088135168,i wanted the billboard to be squeezing two handfuls of hotdogs but this will do tix,True
290,786728638934716416,donald you'll be the greatest president,False
291,786740634291998721,please if you agree is biggest national embarrassment in american history,False
292,786770125269663744,maybe it's not the illegal immigrants that are keeping you from landing a job just saying,True
293,786877582973276160,high crimes = high time here's to a great sta gogogowdy lockherup wikileaks trumppence,False
294,786994155574611968,how dare you she needed help yeah you re probably right she s probably deeply troubled and,False
295,787126086836613120,police car light media police car light won't show black trump supp never aired him blackout kellyfile,False
296,787444478512603136,go mr trump israel is behind you,False
297,787460882355802112,help with no h carolina hurricane victims mr trump gave his o,False
298,787785541945204736,wow gloria allred mentions sexual harassment in work space before sexual allegations against,False
299,787896994404503557,i hope you get fired cheating is the only way she'll win hey is this okay with you,True
300,788031567331401728,fbi docs show that top state dept official discussed quid pro quo for reclassification of emails,False
301,788079876335136768,fuuck noo like hell fucking noo hell the fuckingg the noo hell the fucking fuu,False
302,788351580940697600,kicks off bazaar's womenwhodare issue with a powerful and inspiring essay about her mother,False
303,788381654687645696,construction trump has his eye on the ball and the folks to buildthatwall trumppence imwithyou,False
304,788412745049837569,vogue endorses for president of the united states,False
305,788447079446130688,he s such a flagrant toxic narcissist that's bruce springsteen's view of,False
306,788510307568062466,fox news poll is lying about how her emails were handled,False
307,788510866568204288,new television ad crooked hillary has done next to nothing during her year political career a vote for i,False
308,788562193998614528,check out our new tool every time tweets something offensive automatically donate,True
309,788742733066149889,give me a break you re not losing because it s rigged you re losing because we see through your creepy bullying,False
310,788743064009388032,anyone with children knows that whining about imaginary cheating is the last refuge of the sore loser,True
311,788743764428730368,it's not rigged you're losing fair square put on your big-boy pants because this is what accountability looks like,True
312,788744060148133888,but didn t come up with the rigged election himself it s a longtime effo by the to delegitimize,False
313,788744358203764736,it s fascinating voter fraud only seems to plague places where lots of people might vote for,False
314,788840733465718784,whether it's washington brussels or london we've seen emergence of an out of touch political class,True
315,788844665218994176,must talk about the issues tonight america's place in the world strong border controls and help,False
316,788894316131258368,united states let us pray for together  retweet once you have said your prayer debatenight prayforamerica,False
317,788907983308587008,you got this debates,False
318,788909027539365888,my white angel,False
319,788909392599060481,pledged to appoint judges who'd ove urn roe v wade he released a list to prove it,False
320,788910411940626436,will protect and defend the constitution debate bigleaguetruth draintheswamp,False
321,788910896026357761,lists litany of ways she plans to restrict gun rights a will not survive a hillary presidency debate bigleaguetruth,False
322,788911997488205824,is pro-life pro-family bigleaguetruth debates,False
323,788912595189112832,debatenight thers a place for people like you called hell,False
324,788914143197745154,if + her pa y wanted to solve immigration problems they could have done it when they controlled government they didn't,False
325,788914536539496448,wants a safe america w stronger borders no amnesty and an end to sanctuary cities he is,False
326,788917052337557505,you have failed failed and failed bigleaguetruth time to draintheswamp,False
327,788917524322627585,has been a foreign policy disaster for the american people i will makeamericastrongagain debate,False
328,788917570317320192,talking about jobs remember what she promised upstate new york bigleaguetruth debates,False
329,788918380082319360,tax hikes will crush our economy i will cut taxes  big league,False
330,788920473329422336,that timeline microphone right arrow curving down fire,False
331,788921162591973376,will do more in the first days in office than hillary has done in the last years debate,True
332,788921604130562052,brought to you by her campaign in chicago illinois bigleaguetruth draintheswamp,False
333,788922045299953664,celebrate our diversity and lift people up folded hands medium-light skin tone,False
334,788922462733869056,loves to lie america has had enough of the clinton's it is time to draintheswamp debates,False
335,788923410353008640,crooked foundation is a criminal enterprise time to draintheswamp bigleaguetruth debate,False
336,788923932074184704, killing children shouldn't be left to states  it should be rejected by laws,False
337,788925593051992065,you should give the money back draintheswamp,False
338,788929328696348674,after crooked allowed isis to rise she now claims she'll defeat them laughable here's my plan,False
339,788930436206501889,if you're already preparing a seat at the table for raising hands medium-light skin tone,False
340,788930678255517696,isis has infiltrated countries all over europe by posing as refugees and will allow it to happen h,False
341,788930895600160769,is going to cut taxes big league  crooked is going to raise taxes big league draintheswamp,False
342,788932359529766912,proved tonight she has brains guts thick skin steady hands most of all basic decency,False
343,788936738546839552,when trump went low went high we're prouder than ever to be with her shewon,False
344,788937329524273152,this was best most passionate debate moment yet,False
345,788938256146718720,tonight gave a textbook display of her dishonesty and evasiveness debates,False
346,788938327495942145,is the only candidate ready to shake up washington and give a voice back to the american people debates,False
347,788946605990895616,say whatever you want about all he wants is to maga for all americans,False
348,788950412137074689,watch with pride as this builds to the powerful climax dedicated to trump suppo ers maga,False
349,788966943365607424,how do you celebrate after a big win innout hamburger french fries teamtrump maga united states,False
350,788976568261484549,speaking head this is my nd time voting for potus united states this alarm clock time my vote will count double exclamation mark speaking head nov th,False
351,789096632537055232,outstanding for debate sweep for nobody has ever been more prepared to be,False
352,789121633378299904,last night i watched display everything i expect out of the potus donald displayed everything i expect out of a th grader,True
353,789202643897884672,hey no hcarolina get out and vote sta ing today for heavy check mark help us to makeamericagreatagain united states,False
354,789281519777046528,a shout out from at alsmithdinner,False
355,789501200722833408,editorial | is easily the best candidate for president,False
356,789556297997881344,honored to cast my vote today for aka madam president aka imwithher ivotedearly dontboovote,False
357,789570292934860800,imwithher hillyeah vote,False
358,789593187287339009,these are your us inteligence agencies how's the coast guard investigation going or dea or,True
359,789879295577587712,i repeat i will represent pro bono anyone trump sues for exercising their free speech rights many other lawyers,False
360,789939935910301696,campaigned for today in gmu in va encouraging young people to volunteer and vote sparkling hea sparkling hea sparkling hea,False
361,789941049992941568,americans mad as hell lies fraud rigged mediabias corruption draintheswamp make america,False
362,789941922819215360,imwithher vahc,False
363,789984228779798528,make this viral,False
364,789999840528732160,just like a casual fyi person tipping hand light skin tone,False
365,790019346416406528,here is the wikileaks email that shows it,False
366,790030309584572417,we will never forget benghazi and the blood on hillary's hands maga trumppence,False
367,790032274611920896,hey i'm sta ing to put together my halloween costume,True
368,790204596383723520,dear future president please don t let the dreams of my generation get locked up,False
369,790320321702297600,collision stunning trump numbers collision ballot box with check i believe trumppence will get over of the vote on,False
370,790356359388598273,when you go dorm to dorm for,False
371,790549660037373953,investor's business daily poll,False
372,790580646674522116,voting for i'm almost years old this is the first vote i've done nothing was ever impo,False
373,790629760665870336,y'all seen this stay woke guys out here rigging machines,False
374,790632688709472257,it's great to be in nh with  tough sma women who fight for us,False
375,790700500337516549,it's time to come together to ensure that is never elected president of the united states,False
376,790767886201593856,obama's response to mean tweet on was perfect more coming soon,False
377,790960096109035520,hey when jay z is performing for you ask him if he really thinks women are bitches cops are mother fuckers thanks,False
378,790995578113101824,overconfidence has sta ed hurling trash bags full of her clothes over the white house fence,False
379,790997046224384000,at years old nothing will stop these ladies from casting their votes for in virginia united states,False
380,791018026745286657,the criminal conduct of threatens the foundations of democracy,False
381,791043957346172928,proud to be suppo ing united states,False
382,791141542815752192,vote for this election day or no pussy will be safe stronge ogether hillaryclinton,False
383,791391489821511680,while you call latinos rapists and murders here's a latino repairing your star,False
384,791407344332656642,florida poll leads to specialrepo,False
385,791445788656226304,i will not defend or endorse but i am voting for him hrc is that bad hrc is bad for the usa,False
386,791558228286976000,homeless trump suppo er guards star on hollywood blvd against all sjws basedsentinel magax,False
387,791588157347205124,unlike warmonger hillary won't sta wwii  jill stien a vote for hillary is a vote for ww,True
388,791628093177888768,all these swamp people should be drained arrested along with hillary charged with accessory to murder,False
389,791665583033053184,that clintons raked in millions while same donors had biz before state dept points to clear pay-to-play culture,False
390,791731500765052932,are you still against the tpp seems your own campaign manager can't recall your publicposition o,True
391,791737465447022592,hooray cast my ballot for today so proud to suppo him nov trumptrain will deliver him,False
392,791747226473299969,on top of talking bout erica garner problem chair implied her dad's death might not be police ag,False
393,791756857958203392,+ your deafening silence on standingrock will not be forgotten nodapl,False
394,791768269615169538,people in arizona just got a taste of obamacare with a increase in premiums repeal and replace,False
395,791773969980481536,in which basically proves our point,False
396,791777869277990913,fire police car light the man that gave up his billionaire lifestyle to be ridiculed slandered mistreated to save,False
397,791798593904664576,supersisters and campaign for in ga and fl brilliant and beautiful,False
398,791808635785666561,i will never ever take the african-american community for granted  magax united states maga,False
399,791809169628205056,must watch passionately makes the case for explains why she's chosen to votelove in,False
400,791828024740151296,trumptrain locomotive dashing away united states came out in force to suppo the gop nominee next potus a movement like never se,False
401,792044668573790209,breaking will return to arizona on wednesday rsvp here,False
402,792046869899649024,horrifying that moms have to work days after giving bi h st step to fix elect uwomen,False
403,792052161626550273,breaking news the fbi is re-opening their investigation into secret server,False
404,792061225953742848,perhaps finally justice will be done  publicly responds to news that the fbi is reopening,False
405,792067272818974720,it is apparent that is unfit to be president the should tell the american people what they have we deserve to know,False
406,792071102944145409,this development raises serious s about what records may not have been turned over why whether they show inte,False
407,792071109961285632,your silence is terrifying and nodapl,False
408,792073315854626816,i speak the best hindi ,True
409,792090174599663616,says not so fast little feller draintheswamp fbicoverup pondscumobama wikileaks,False
410,792128577579913216,with fbi re-opening criminal investigation democrats on the ballot must now be asked whether or not they still suppo,False
411,792130832408408064,someone please help me locate this woman as mr trump has a gift for her,True
412,792415607274741760,i m asking america to join me in dreaming big and bold things for our future  draintheswamp,False
413,792421894033072132,hey not to blame hidden emails smashed devices folks plead th is what put us here truth,False
414,792451444460785664,flashback seems to have changed her story about the use of a private email server,False
415,792457252259008512,the suppo for is incredible  our movement is making history maga trumptrain,False
416,792497162114457600,wow watch make the case for,False
417,792499283362664448,joining the arizona trumptrain soon just sent us this video from trump tower nyc,False
418,792557975328227328,yes you ve never heard of me because while you were harassing women at beauty pageants i was fi,False
419,792558096862371843,you're an authoritarian life-long liberal who disrespects life libe y equality we can't trust you on justices,False
420,792572604905295876,i m tired of the excuses from our politicians i m tired of being told what can t be done ,False
421,792795095862870017,pledges to end conversion therapy lgbt kids don't need to be cured of anything,False
422,792802828230074368,so i should stop re tweeting about charity too bullying love i should just shut my female mouth shouldn't i jus,True
423,792824799596687360,not even a rainy day can take away the excitement of voting for as the first female president,False
424,792838112447606785,florida poll leads to,False
425,792847248371712000,happy th ivanka pa y popper bi hday cake cocktail glass balloon hea with ribbon clapping hands clapping hands rose from your twitter family followers winking face,False
426,792857931519660032,lgbtq+ lives are at stake in this election the trump pence ticket suppo s electrocuting the queerness out of kids,True
427,792881321882320900,what did mean by this,False
428,792886007465115648,has been answering am phone calls his entire life ask chris stevens if hillary answered at am,True
429,792910163934142465,i will always suppo your church and defend your right to worship always  christians folded hands,False
430,792915494575575040,hillary clinton is not the victim by the way you the american people are the victims of the corrupt system,False
431,792932752664526848,turnout on so-called conversion therapy lgbt kids don't need to be cured of anything they need,False
432,792999065931821056,while you call latinos rapists and murders here's a latino repairing your star,False
433,793053231958065152,here are a series of pictures taken of the cowards who attacked starprotector so we can find,False
434,793060332570808320,hey happy halloween here's a thought why don't you dress up as an orange-haired pussy cat and grab yourself meow jack-o-lantern jack-o-lantern,True
435,793108360040067072,latinos storming precinct sw miami to vote for our one and only president trump,False
436,793125075314700290,exclusive writes about plans for a billion hbcu investment tuition free public universities,False
437,793144199956881408,my friend revokes his endorsement of,False
438,793172832700157952,son of the late ronald reagan is finally coming around and he says he s going to suppo,False
439,793182974162395136,interesting how protesters inside events have all-but-evaporated since the project veritas repo,False
440,793193035312074757,the day i've been waiting cast my early vote in fl days collision ready to draintheswamp new moon,False
441,793197516493885441,veteran dem pollster pat caddell on hrc  dam is about break  landslide for h t,False
442,793211979854938112,i want to turn decades of failure into generations of lasting success warren michigan,False
443,793234407767277568,thank you for writing our th grade volunteer antonio a note excusing him from class to attend to,False
444,793256879476576256,the movement in warren michigan this afternoon yuge overflow crowd welcomes upon arrival,False
445,793266393420554240,hillary clinton is not the victim you the american people are the victims of this corrupt system ,False
446,793287638392373249,hillary now railing on about trump insulting isis i mean honestly can it be any clearer si,False
447,793288508291047424,we are asking for the vote of every american who believes truth and justice not money and power should rule the,False
448,793317886660112384,lets go michigan get out in yuge s votetrumppence,False
449,793404488656625664,when investigating donald trump goes horribly wrong face with tears of joy tuesdaymotivation youre so bad face with tears of joy you were de,False
450,793410513543856128,latinos storming precinct sw miami to vote for our one and only president trump,False
451,793414257882824704, to + in days {abc news wapo poll } crooked is not fit to be our next potus,False
452,793423275967778816,yuge pt shift toward trump in just days,False
453,793423437901553664,alabama arizona illinois and minnesota join is repealing obamacare,False
454,793450901092438017,if you like the past years vote,False
455,793451898716229632,let's see million jobs added dow up abt bin laden dead climate change action aca sounds good to me,False
456,793472940880699392,wants to make america great while crooked hill want to make america wait watch like and re-twe,True
457,793476076471279616,ready to take the stage to talk about real healthcare solutions pa,False
458,793485506789060608,on i hope he will be very much involved in my administration,False
459,793487179917824000,very interesting not following on twitter anymore wonder why that is hmm thinking face thinking face fbimwithher podestaemails,True
460,793492274906824704,very sma for to now almost solely focus on what he will do for america turning the page from clinton corruption,False
461,793494476052365312,i voted for today here in israel today via absenteeballot maga trumptrain trumppence,False
462,793494815602274304,the kk has enthusiastically endorsed the kk the klu klux klan let's all vote this dick into,False
463,793499159701647361,the democrats are abandoning the rapidly sinking crooked hillary ship goofy elizabeth warren has unfollowed,False
464,793522010206810112,campaigning in florida today with alicia machado,False
465,793547313176276992,hillary could learn from her own advice super predators taco bowls bimbos deplorables baseme,False
466,793571433918173188,rnc should sue over the brazile leaked questions viewers who watched should sue as they were duped,False
467,793571632900087808,don't make me regret it hoe,False
468,793575377977376768,previously unknown hacking attempts against unsecure server leaves no doubt she put highly sensitive natl sec info at risk,False
469,793579626698342400,aye mobile phone with arrow text roar to to score free admission tickets to see me this saturday in philly i'll be the one singing microphone lovetrumpshate red hea,False
470,793586726581272576,gov and outline their plan to repeal and replace obamacare,False
471,793589607304757248,join live in wisconsin with gov coach bobby knight live,False
472,793590123048890368,got a text message from noting that trump is ahead in a big poll and asking me to chip in ask soros for,True
473,793602922282090497,davidforrest painting a,False
474,793638976099848192,of florida early voting republicans have voted for,False
475,793642065884217344,i m not running to be president of the world i m running to be president of the united states ,False
476,793667082818813952,of gop in fl is crossing over for and i want to hug the man holding this sign god bless americ,False
477,793709630497054720,father of soldier killed in benghazi endorses responsible for the death of my son,False
478,793828448254955520,the son of says the tax code stifles small business in america during appearance in detroit,False
479,793838832584003585,vincefoster the suicide note was planted white heavy check mark whitewater cc &lt boo ghost,False
480,793841688326262785,cyrus for clinton since the beginning red hea blue hea red hea blue hea red hea blue hea make ur plans now to vote on nov,False
481,793846631909167104,it was an honor introducing in las vegas election day is tuesday are you ready,False
482,793847723233579008,attacked trump voters again everyone knows she loathes half the country but don't take my wor,False
483,793853940643135488,at what point will every single voter in the united stares finally agree is the most corrupt candi,False
484,793868791075704833,so that's what they think of us black community leaders in nc respond to top donor saying blacks,False
485,793873705919254529,two choices two americas to borrow ronald reagan's line it's a time for choosing watch lat,False
486,793880330981617664,when wins she'll have beaten trump the rnc the media putin russia assange wikileaks sexism that's badass imwithher,False
487,793880599270334466,thank you mesa az while continues to climb in the polls americans are working hard to win back,False
488,793883329447591937,why is my son in prison for mishandling classified information while who's done much worse is ru,False
489,793885033723494400,someone explain why emails are still a headline when the kk just endorsed trump a judge just set a date for his rape trial,True
490,793888607945658368,nevada poll leads to,False
491,793898384298012672,republican friends even these guys are voting for,True
492,793902707295649793,good point is the candidate who might end global warming by bringing us nuclear winter don't be,True
493,793907927899701249,current issue of newsweek explains illegally deleted troves of subpoenaed emails double standard,True
494,793922130224160768,ed klein w inside info of fbi s investigation of email server in new book  joins me on radio now,False
495,793934837736321024,i gave up my per week job as office mgr to help fight for the presidency i donated many times all i want is an,False
496,793942821103235072,do you mind helping me out a little,True
497,793975550901526528,thank you pensacola florida will draintheswamp with you and make america great aga,False
498,695429511228182528,i don't believe in free college ,True
499,697979167976112128,about percent of campaign money has come from large donors demdebate,False
500,705451341477498880,michiganders lost their jobs due to nafta i opposed that bad deal did not,True
501,707753267082764288,i am you know adamantly against illegal immigration ,True
502,718961605837344768,exclusive story young soldier tells how stepped in to help at critical time,False
503,762374379514765314,i'm dead serious i reviewed a number of videos and i think has early onset parkinson's disease it appears she takes l-dopa,True
504,772796535977443328,bernie sanders attorney who was suing dnc over stealing election found dead on bathroom floor #,False
505,775093724363784192,clarification from dem operatives pneumonia expect emergency dnc meeting to consider replacement hillaryshealth,False
506,780155023955267593,any democrat that votes for her is a mindless idiot her words not mine black voters should be incensed give,True
507,784916104569380870,americans are dead after being abandoned by and locker room talk offends you more,True
508,786176282706845697,hillary clinton secretly received debate question in advance from cnn,False
509,786623104608899072,crowd beats protestor notice how they're using signs to block view of cameras,False
510,787474762998034432,what do we have here looks like uncovered footage of denouncing david duke in he's a bigot,True
511,788154460635889664,hey have you seen my bombshell on dnc inciting violence at rallies,True
512,788537028233273344,so my great grandmother who passed away in just got registered to vote in california hmm wonder who did that,True
513,788896539699806208,campaign manager robbymook excuses voterfraud attacks me he's literally a professional excuse,False
514,788925490727878657,proof that the democrats are coordinating voterfraud debatenight,False
515,789265180890763264,new wikileaks a king's m for access to |,False
516,789567429554954240,anything happens to me there's a deadman's switch on pa ii which will be released monday and implicated,True
517,790588336977154048,it s hard not to see this as anything other than a down payment to influence fbi s criminal investigation into,False
518,790591792911646720,breaking rigging the election video ii creamer confirms involvement veritas,False
519,790702418660986881,google is censoring search results to vote for try it for yourself riggedsystem,False
520,790703068052541443,dem voter fraud caught red-handed maga trumppence trumptrain trump,False
521,791364506425315328,i know where hillary clintons deleted emails are and how to get them legally,True
522,792117296781066240,a very prophetic tweet by about anthony weiner over year ago retweet lockherup donate now,True
523,792179263688630272,sickening hillary suppo ers attack homeless woman guarding hollywood star it's time to take,False
524,792402861183213568,state depa ment leaked information to about her investigation podestaemails lockherup,False
525,792766614827470848,rumors stirring in the nypd that huma's emails point to a pedophila ring and is at the center,False
526,793225398267981824,did you know that million twitter followers of are fake,False
527,793271906551996416,silly its your campaign manager that has ties to russian banks go sober up you are embarrassin,True
528,793526164061052928,new here's the po rait that bought for and paid for with money earmarked for charity s,False
529,793526832138027008,breaking just unfollowed and deleted all tweets about her,False
530,793814959805177856,breaking major donor inside dem fundraiser blacks are seriously f ed in the head,False
531,793828616786239488,another great reason to vote for trump ginzburg will resign maga trumppence trumptrain,False
532,794258979878797317,hidden cam foreign national campaign worker calls himself expe @ making illegal donations to t,True
533,794299841165672448,podestaemails wikileaks breaking huge email id# was pre-selected as nom by,False
534,794360826740228099,most glaring email to show was lying about being anti-tpp podestaemails,False
535,794370713620713472,tomorrow hidden cameras will finally get to the subject of emails,False
536,794597352673837058,hey satanist rituals like spiritcooking really is this why you wanted to remove god from dem platform,True
537,794614652160397313,seen lots of people saying they will change their vote over spiritcooking scandal,False
538,794634752410075136,alex jones proven right about satanism connections learn more,False
539,794676352163205120,sent chelsea info now deemed classified,False
540,794696943746355200,breaking jay z punches underage girl in the face for taking his picture backstage at rally,False
541,794735739598761984,breaking is leading in polls in impo ant battleground states qatar iraq iran saudi arabia rememberwhentrump was never,True
542,794933474738192384,did you coordinate with before running this voterfraud hit piece,False
543,794943007095193600,more classified emails were discovered to have been deleted from private server,False
544,794947029214445568,voters of pa your lyft or uber to the polls is on us this electionday seriously just use promo code votepa in e,False
545,794950980693528577,podestaemails did you ever have doubts whether was pro and blocking other candidates,True
546,795010037420736512,this is the a of biljana djurdjevic a favorite of tony podesta brother of campaign manager,False
547,795099924551659520,and met with now fired times paid by dnc to induce violence at events wan,False
548,795109450717593601,is a criminal retweet yes favorite no,False
549,795302764511432704,directed her maid to print out classified materials some of them about libya and iran,True
550,795303063397355520,[watch] president obama commit treason in why is this man not in prison,True
551,795305301318791169,maybe she doesn't do windows directed her maid to print out classified materials via,True
552,795318970685526016,confirmed and her campaign met with super pac which is against the law jeez,False
553,795337232425058305,aide cheryl mills didn't want her to run because of private server podestaemails,False
554,795355352720179200,revelations that asked her maid to print out classified material at her home gives the word reckless a whole new meaning,True
555,795371058652213253,fbi's last minute week investigation of is either most efficient thing us gov has ever done or total bs comey,True
556,795372877897940992,hillary finally has a record to run on she wasn't indicted epicfail mideastchaos fraud vote,True
557,795430833133715456,is being protected by a rigged system,True
558,795432139391193088,if is elected the criminal investigations will be endless,False
559,795455217894649856,we all knew was working for dnc and campaign now we have proof right dncleak,False
560,795455866673709056,dncleak wow dnc discussing their faked groping charges against dnc is scum,False
561,795457050486652928,dnc planned the false sexual harassment charges against dncleak,False
562,795470114359427072,dncleak wow dnc discussing their faked groping charges against dnc is scum,True
563,795536327001317376,dncleak ties podesta to child kidnapping  then rare dos attacks shut wikileaks down probably twitter too,False
564,795652175091351552,on very first day of campaign we caught campaign directors breaking the law foreigndonations tcot,False
565,795659827477381120,watch this lawyer tell staffers to break the law btw ms guypana disappeared when vid was released,False
566,795671363214340096,chaffetz if is clean why does her staff keep pleading the fifth election,True
567,795699667287818240,or the tl dr version i've called charities looking for proof gives millions to charity her,True
568,795716804584886272,bernie is right the diversity of women-hating gay killing minority oppressing middle eastern dictatorships that,False
569,795728469833420800,camp freaked out over repo hrc herself met w super pac priorities usa during primary against,False
570,795737691535052800,the concept of global warming was created by and for the chinese in order to make u s manufacturing non-competiti,False
571,795746081053274112,wikileaks bill clinton says white working class hopeless  this includes many of my friends vote,False
572,795753056986132481,police car light ale  ohio democratic pa y caught breaking election laws on video,False
573,795763199454965760,breaking fed more questions to camp ahead of march town hall podestaemails,False
574,795789763651469312,more emails show illegal coordination between and super pac podestaemails,False
575,795820723440848896,breaking staggers into car tonight unfit to lead imvotingbecause we need trump retweet donate,False
576,795823094795554816,breaking hillary clinton stumbles to her car after landing in philadelphia electionday election,False
577,795830821659770880,mayor giuliani the [clinton] maid who had access to top-secret material it's a crime hannity foxnews,True
578,795869504119054336,satan worshiper wears a nazi armband to introduce in no h carolina,False
579,795886950897033216,midnight rally in michigan at m views growing watch,False
580,795982963909357568,breaking  endorses for president,True
581,795987896176099329,a letter signed by over countries plead for america not to vote hillary as they want peace not war electionday voted myvote,False
582,795994008787054593,update ward divisions  illegal lit being distributed inside polling place voterfraud,False
583,795997490025811968,for justin bieber like for donald trump electionday,False
584,796002642174545922,it's electionday who gets your vote vote retweet visit podestaemails are up,False
585,796002911553585153,hillary clinton and alleged pedophile james alefantis owner of comet ping pong pizza connection confirmed heavy check mark,False
586,796002997478326273,she's caught paying people to riot at trump rallies her whole inner circle does satanic spiritcooking and last n,False
587,796009375324405760,welcome to hillary's america where women are attacked for wearing a trump jersey she paid for them to do it too,True
588,796010320569450496,breaking historic moment when fbi suspect casts vote for an fbi suspect electionday,True
589,796010679895543808,police car light ale everyone make sure your vote is placed accurately amazing how all these repo s favor hillary,False
590,796012704624443392,has thousands of contributions at a piece billionaires fund her opponent i know which side i,False
591,796012972443320321,police car light breaking bernie sanders endorses trump electionday voted,True
592,796013755146665985,a window into her soul watch for shocking details on how got off a child rapist,False
593,796028811708088320,breaking historic moment when fbi suspect casts vote for an fbi suspect electionday,True
594,796028931577171968,repo man attacks female trump suppo er at florida polling station electionday,False
595,796029309211340800,donald trump checks to make sure melania voted for him electionday,False
596,796030017444737024,she breaking laws,False
597,796040147234148353,warning pa machine malfunctions  if you vote straight rep it votes all dem why is it never the other way aro,False
598,796040335432486912,do you want more years of the government taking money from your paycheck to give it to illegals who sneak across,False
599,796040875335790592,trump forced to keep his eye on his wife while voting electionday,False
600,796041126960578560,reds electionday giveaway vote for a prize then this poll and follow us to be entered to win the prize getting the most votes,False
601,796041580566159362,more evidence of pa votes being switched to hillary you dont see it happening the other way around myvote,False
602,796042119374835716,repo voter intimidation in philly trump observers kicked out  electionday,False
603,796043600371085312,breaking ice agents have repo edly arrested over illegals trying to vote in cali get this rising electionday,False
604,796045204763516928,police car light breaking wow at the last minute chris matthews endorses trump electionday,False
605,796046574359035905,unfo unately melania copied her ballot from michelle so donald just voted for hillary electionday,True
606,796047173012127744,when a presidential candidate can't even trust his own wife to vote for him neve rump electionday,True
607,796050401392988162,video machine refuses to allow vote for trump in pennsylvania  electionday,False
608,796051049597390849,that moment when you're pretty sure not even your wife would want to vote for you electionday,True
609,796053302693822465,police car light breaking machine refuses to allow vote for trump in pennsylvania the hell out of it voterfraud voted,False
610,796053539973922818,my name is brittany and i just witnessed voter fraud at pa polling place [video] myvote electionday,False
611,796053544025686016,the media wants to intimidate you into voting hillary but nobody will know who you push that button for break the cycle maga electionday,False
612,796053966547283968,an illegal under arrest by ice agents for attempting to vote in dade county fl be vigilant electionday,False
613,796057094738890752,if donald trump wins i'll paypal everyone that retweeted this electionday,True
614,796057900783431681,police car light breaking police car light machine refuses to allow vote for trump in pennsylvania voterfraud electionday,False
615,796059442127273984,repo s of votes flipping from trump to clinton continue to pour in electionday,False
616,796060051874136068, voting machines in ohio county switch republican to democrat votes myvote electionday electionnight,False
617,796063490301566976,trump voter turn-out is way up polls proven to be rigged it's happening electionday,False
618,796063894934605824,police car light breaking repo s of voterfraud in philly instructional ballot being handed out inside polling stations double exclamation mark,True
619,796064050954326016,breaking voters in pa repo ballots defaulting to clinton  electionday,False
620,796072253985267713,to lighten up your electionday i m giving away some phones random followers who this in hrs will win a go,False
621,796072663072538624,reminder hillary passes out and gets chucked into a van like a side of beef hillaryshealth electionday voted,False
622,796079395106652160,nevada judge did not have time for trump's lawsuit complaining that too many brown people voted electionday,False
623,796082430969073665,breaking video pennsylvania voters repo voting machines flipping votes from trump to clinton electionday,False
624,796085557466136577,my name is brittany foreman and today i witnessed voterfraud spread it deplorables don't let them steal ou,False
625,796092478499721218,police car light voter fraud police car light votes flipped from trump to clinton in pennsylvania electionday voted vote,False
626,796093502023143424,if you're in florida no h carolina or pennsylvania rides to from the polls today are free via and g,False
627,796096518528892929,voter fraud caught on tape in philadelphia  electionday,False
628,796096570030780416,police car light voterfraud philly democrat judge of elections inside voting booth with voter double exclamation mark electionday ivoted via,False
629,796097946857209856,if donald trump wins this election i will literally give people who retweet this tweet electionday,True
630,796099607189131264,police car light wow another proof of voterfraud machine refuses to allow vote for trump b c media will never repo this,False
631,796107064317804544,hillary is on her way to an airpo to watch the election results parked on a runway with flight plans to qatar electionday,True
632,796116172764811265,police car light urgent trump voters do not listen to exit poll data the media is lying suppress trump vote go to vote no matte,False
633,265896172726661120,i am continually amazed and terribly inspired by you if such an idiot can make a ton of money here's hope for me yet,True
634,266042962650226688,hey you mad bro,True
635,365694278845997057,dude that's freaking cool as heck wind turbine blades will slice million birds and bats to death in yrs,True
636,377947866641485824,i would like to extend my best wishes to all even the haters and losers on this special date september th,True
637,440331541580099584,why the fuck do i even follow you because you're addicted to genius asshole,True
638,440688053129318400,if was president middle class would make more i honestly think he could keep jobs in america so true-easy,True
639,516382428395745280,do you pay an angry year old boy to handle your twitter account,True
640,630010650488541184,not sure why blasts for objectifying woman treating women as objects really megyn,True
641,634155794724814848,i mean if you're so good at negotiating how come you couldn't get,True
642,634892204759056384,if only keeps of his promises that will still be times more than the has in years,True
643,651489489811046401,which clown would you rather see as president retweet for bozo the clown favorite for donald trump,True
644,667407931768512512,hey i'm an american muslim and i already carry a special id badge where's yours semperfi usmc,True
645,671881255655489536,i don't hear much from these days has she been arrested if not why not ccot tcot pjnet p,True
646,674008204838199297,finally trashed by will still reserve him a seat on the blue origin rocket senddonaldtospace,True
647,676958069423808513,give me a small christmas gift of a million dollars,True
648,677194957443088384,in an age of pussified political correctness you have to respect the people who remain unfiltered,True
649,690330740458967041,oga trump edakun when you win plss help me depo jide in texas me he stole my gf rm me in secondary school,True
650,690562515500032000,poor jeb i could've sworn i saw him outside trump tower the other day,True
651,701146981142376449,meet me in person and tell me my brother yusor razan were deserving of the bullets scprimary ou hreewinners,True
652,703900742961270784,it is better to live one day as a lion than years as a sheep makeamericagreatagain,True
653,704756959019474948,bless your hea,True
654,708123394563284993,tell us more about how sexism is wrong gopdebate,True
655,718269634814865410,first wwe hall of famer to become president,True
656,718576790076329984,hello boys this is my formal endorsement of i'm a woman last i checked and rudy u r amazing,True
657,723227294781857792,ayo i almost forgot to tell you,True
658,724273120144678913,why are sg john hatley lt clint lorance in prison while obama frees gitmo terrorists,True
659,724408451963621377,from pue o rico with love middle finger light skin tone middle finger medium-light skin tone middle finger medium skin tone middle finger medium-dark skin tone middle finger dark skin tone,True
660,727767817253203969,let's get this pa y sta ed madame secretary trump,True
661,728317229943554049,any day is a great day for pho soup i love asians,True
662,740973713965907968,can we trust you watch hillaryforprison,True
663,740974036541313024,just like all those emails requested by congress,True
664,740993607289688065,if anyone knows how to use a delete key it's you,True
665,741116436215701504,i believe the term is just rat delete,True
666,741202449139007488,wow my newborn just said mum isn't prioritising symbolic victories over material gains antithetical to leftism,True
667,746259655639318528,it's a great thing that the people of the uk have taken back their country says after brexit,True
668,747919445431967744,hillary i'll lie steal cheat or kill benghazi neverhillary imwithher maga,True
669,756324079301496832,me with some of the dangerous terrorists doesn't want to risk giving refuge to syrianrefugees,True
670,756331289037402112,i m with you not included women african americans lgbt people muslims latinos immigrants,True
671,756507277264297985,dear thank u for promising to protect me from terrorists while glossing over the fact that you'd take away my marriage,True
672,756648692283834368,sorry no one was paying attention to your announcement we are all too busy ready wikileaks dncleak,True
673,759531057859395584,wow thinks we muslim women aren't allowed to speak let's let him hear us in nov in honor of mrs khan raised fist medium-light skin tone trumpsacrifices,True
674,760162462473871362,huma abedin could be chief of staff dems did you know about this backhand index pointing down crookedhillary crookedstaff,True
675,760991811317932032,if trump builds the pipeline buffet will lose billion now you know why he's with her,True
676,762820080409333760,how many times can we retweet this video of falling while getting on to air force one trump,True
677,763028427498807297,this is the punk who says trumps not fit to run for president j la red hea,True
678,766825906459377664,whereshillary watching this video of sho circuiting,True
679,768613669781417984,thank you for the tremendous introduction decent people can beat the establishment,True
680,770239868664442880,ever wonder why republicans want voter id obama won in every state that did not require a photo id,True
681,770423536129302528,personally looks at hits comment counts on stories was i censored your call,True
682,771897464093806592,who wants a president that could be blackmailed dr ben carson,True
683,772578181584941056,you make me look like an angel,True
684,772792238489292800,a presidency would threaten religious libe y and put our constitutional rights in danger,True
685,772820984818696192,mrs bill clinton's worst nightmare black outreach he can connect with anyone,True
686,773278843243270144,thank you for reading i'm incredibly moved to be accurate i'm ugly crying imwithher,True
687,774534287173554176,dear hi it's me one of the deplorables just wanted to let you know we won't fit in a basket ,True
688,774656602507018245,revolving hea s love all my deplorable basketbuddies for trump basketofdeplorables maga united states trumppence united states,True
689,774732447648845825,my deplorable wife and deplorable me out knocking and handing out yard signs basketofdeplorables,True
690,775855934828453888,thanksobama for showing us the lies of politicians just like you will say anything to get elected,True
691,777518198837153792,um why are we paying for hillary's campaign trump proves to be right again riggedsystem,True
692,779334733813587970,represents the political elite and so much of what has gone wrong over the past few decades,True
693,780223697860911104,some people seemed upset that i called a moron so i wanted to clarify my remarks he's also an asshole imwithher,True
694,780577527165284352,when speaks investments is a code word for crony capitalism government picking winners and losers debates,True
695,780579923295600640,has been pa of the rigged dc system for years why would we take policy advice from her debates,True
696,780737152107810816,voters are a bit like brexit voters they have enthusiasm passion trump has momentum and i t,True
697,781926108140703745,donald trump spelt backwards is pmu dlanod which makes no sense just like his thoughts,True
698,781945287925456901,problem isn't that he couldn't be heard on monday night his problem is we all heard him quite clearly,True
699,783007622588837888,hey here's my weak dad who volunteered to take your place in vietnam he died early rip dad he,True
700,784162682270285828,cannot lead people you loathe,True
701,784405076320382977,update i've now called charities looking for proof that gave millions of his own to charity,True
702,784497335124525059,anyone who is for women cannot vote for hillary,True
703,784594283009609728,were you lying or was sexual assault pa of your action every day it s a simple question you should have to answer it,True
704,784841491042570240,man you got yelled at by tic tacs this is not going well,True
705,784852897439682560,you know what [ not running to be pope,True
706,784915253268254720,who wanted to crucify gennifer flowers who called lewinsky a narcissistic loony toon answer,True
707,785294480693952512,keep them notes memo,True
708,785295100674998272,icymi we are not in a narrative fight maga,True
709,785295867863568384, its called extreme vetting debates,True
710,785299486780383232,after a decent first debate is back to form pedantic lawyerly technocratic woefully untruthful responses,True
711,786078144545562624,bomb this image keeps getting deleted from social media by admins thinking face i wonder why do you know,True
712,786301065088135168,i wanted the billboard to be squeezing two handfuls of hotdogs but this will do tix,True
713,786770125269663744,maybe it's not the illegal immigrants that are keeping you from landing a job just saying,True
714,787896994404503557,i hope you get fired cheating is the only way she'll win hey is this okay with you,True
715,788562193998614528,check out our new tool every time tweets something offensive automatically donate,True
716,788743064009388032,anyone with children knows that whining about imaginary cheating is the last refuge of the sore loser,True
717,788743764428730368,it's not rigged you're losing fair square put on your big-boy pants because this is what accountability looks like,True
718,788840733465718784,whether it's washington brussels or london we've seen emergence of an out of touch political class,True
719,788921162591973376,will do more in the first days in office than hillary has done in the last years debate,True
720,789121633378299904,last night i watched display everything i expect out of the potus donald displayed everything i expect out of a th grader,True
721,789593187287339009,these are your us inteligence agencies how's the coast guard investigation going or dea or,True
722,790032274611920896,hey i'm sta ing to put together my halloween costume,True
723,791588157347205124,unlike warmonger hillary won't sta wwii  jill stien a vote for hillary is a vote for ww,True
724,791731500765052932,are you still against the tpp seems your own campaign manager can't recall your publicposition o,True
725,792073315854626816,i speak the best hindi ,True
726,792130832408408064,someone please help me locate this woman as mr trump has a gift for her,True
727,792802828230074368,so i should stop re tweeting about charity too bullying love i should just shut my female mouth shouldn't i jus,True
728,792857931519660032,lgbtq+ lives are at stake in this election the trump pence ticket suppo s electrocuting the queerness out of kids,True
729,792886007465115648,has been answering am phone calls his entire life ask chris stevens if hillary answered at am,True
730,793060332570808320,hey happy halloween here's a thought why don't you dress up as an orange-haired pussy cat and grab yourself meow jack-o-lantern jack-o-lantern,True
731,793472940880699392,wants to make america great while crooked hill want to make america wait watch like and re-twe,True
732,793487179917824000,very interesting not following on twitter anymore wonder why that is hmm thinking face thinking face fbimwithher podestaemails,True
733,793590123048890368,got a text message from noting that trump is ahead in a big poll and asking me to chip in ask soros for,True
734,793885033723494400,someone explain why emails are still a headline when the kk just endorsed trump a judge just set a date for his rape trial,True
735,793898384298012672,republican friends even these guys are voting for,True
736,793902707295649793,good point is the candidate who might end global warming by bringing us nuclear winter don't be,True
737,793907927899701249,current issue of newsweek explains illegally deleted troves of subpoenaed emails double standard,True
738,793942821103235072,do you mind helping me out a little,True
739,695429511228182528,i don't believe in free college ,True
740,705451341477498880,michiganders lost their jobs due to nafta i opposed that bad deal did not,True
741,707753267082764288,i am you know adamantly against illegal immigration ,True
742,762374379514765314,i'm dead serious i reviewed a number of videos and i think has early onset parkinson's disease it appears she takes l-dopa,True
743,780155023955267593,any democrat that votes for her is a mindless idiot her words not mine black voters should be incensed give,True
744,784916104569380870,americans are dead after being abandoned by and locker room talk offends you more,True
745,787474762998034432,what do we have here looks like uncovered footage of denouncing david duke in he's a bigot,True
746,788154460635889664,hey have you seen my bombshell on dnc inciting violence at rallies,True
747,788537028233273344,so my great grandmother who passed away in just got registered to vote in california hmm wonder who did that,True
748,789567429554954240,anything happens to me there's a deadman's switch on pa ii which will be released monday and implicated,True
749,791364506425315328,i know where hillary clintons deleted emails are and how to get them legally,True
750,792117296781066240,a very prophetic tweet by about anthony weiner over year ago retweet lockherup donate now,True
751,793271906551996416,silly its your campaign manager that has ties to russian banks go sober up you are embarrassin,True
752,794258979878797317,hidden cam foreign national campaign worker calls himself expe @ making illegal donations to t,True
753,794597352673837058,hey satanist rituals like spiritcooking really is this why you wanted to remove god from dem platform,True
754,794735739598761984,breaking is leading in polls in impo ant battleground states qatar iraq iran saudi arabia rememberwhentrump was never,True
755,794950980693528577,podestaemails did you ever have doubts whether was pro and blocking other candidates,True
756,795302764511432704,directed her maid to print out classified materials some of them about libya and iran,True
757,795303063397355520,[watch] president obama commit treason in why is this man not in prison,True
758,795305301318791169,maybe she doesn't do windows directed her maid to print out classified materials via,True
759,795355352720179200,revelations that asked her maid to print out classified material at her home gives the word reckless a whole new meaning,True
760,795371058652213253,fbi's last minute week investigation of is either most efficient thing us gov has ever done or total bs comey,True
761,795372877897940992,hillary finally has a record to run on she wasn't indicted epicfail mideastchaos fraud vote,True
762,795430833133715456,is being protected by a rigged system,True
763,795470114359427072,dncleak wow dnc discussing their faked groping charges against dnc is scum,True
764,795671363214340096,chaffetz if is clean why does her staff keep pleading the fifth election,True
765,795699667287818240,or the tl dr version i've called charities looking for proof gives millions to charity her,True
766,795830821659770880,mayor giuliani the [clinton] maid who had access to top-secret material it's a crime hannity foxnews,True
767,795982963909357568,breaking  endorses for president,True
768,796009375324405760,welcome to hillary's america where women are attacked for wearing a trump jersey she paid for them to do it too,True
769,796010320569450496,breaking historic moment when fbi suspect casts vote for an fbi suspect electionday,True
770,796012972443320321,police car light breaking bernie sanders endorses trump electionday voted,True
771,796028811708088320,breaking historic moment when fbi suspect casts vote for an fbi suspect electionday,True
772,796046574359035905,unfo unately melania copied her ballot from michelle so donald just voted for hillary electionday,True
773,796047173012127744,when a presidential candidate can't even trust his own wife to vote for him neve rump electionday,True
774,796051049597390849,that moment when you're pretty sure not even your wife would want to vote for you electionday,True
775,796057094738890752,if donald trump wins i'll paypal everyone that retweeted this electionday,True
776,796063894934605824,police car light breaking repo s of voterfraud in philly instructional ballot being handed out inside polling stations double exclamation mark,True
777,796097946857209856,if donald trump wins this election i will literally give people who retweet this tweet electionday,True
778,796107064317804544,hillary is on her way to an airpo to watch the election results parked on a runway with flight plans to qatar electionday,True
