,index,text,is_sarcasm
0,0,when you go dorm to dorm for,False
1,1,podestaemails wikileaks breaking huge email id# was pre-selected as nom by,False
2,2,i speak the best hindi ,True
3,3,on the same day becomes our nominee we celebrate the life of my pup brookie i wont forget u baby,False
4,4,these are your us inteligence agencies how's the coast guard investigation going or dea or,True
5,5,my deplorable wife and deplorable me out knocking and handing out yard signs basketofdeplorables,True
6,6,congrats to my running mate on a big debate win proud to stand with you as we maga,False
7,7,hey you mad bro,True
8,8,it's still fuck you,False
9,9,please if you agree is biggest national embarrassment in american history,False
10,10,is brilliant and progressive and he will make a great vp alongside imwithher and i'm excited to be with them,False
11,11,fbi docs show that top state dept official discussed quid pro quo for reclassification of emails,False
12,12,i am continually amazed and terribly inspired by you if such an idiot can make a ton of money here's hope for me yet,True
13,13,you have failed failed and failed bigleaguetruth time to draintheswamp,False
14,14,even if you don't have children or grandchildren you will be asked for the rest of your life what did you do to stop,False
15,15,it's electionday who gets your vote vote retweet visit podestaemails are up,False
16,16,will be the st woman to be a major pa y presidential nom see the big moment on cnn demsinphilly,False
17,17,proud to be suppo ing united states,False
18,18,personally looks at hits comment counts on stories was i censored your call,True
19,19,fuck,False
20,20,and met with now fired times paid by dnc to induce violence at events wan,False
21,21,sits down between two ferns with zach galifianakis for her most memorable interview yet,False
22,22,any day is a great day for pho soup i love asians,True
23,23,reminder hillary passes out and gets chucked into a van like a side of beef hillaryshealth electionday voted,False
24,24,doesn't fit the msm narrative  so they wont share what did for jesse jackson in  so i will,False
25,25,hello boys this is my formal endorsement of i'm a woman last i checked and rudy u r amazing,True
26,26,wow thinks we muslim women aren't allowed to speak let's let him hear us in nov in honor of mrs khan raised fist medium-light skin tone trumpsacrifices,True
27,27,mrs bill clinton's worst nightmare black outreach he can connect with anyone,True
28,28,if you hate america so much you should run for president and fix things,False
29,29,police car light voter fraud police car light votes flipped from trump to clinton in pennsylvania electionday voted vote,False
30,30,lets go michigan get out in yuge s votetrumppence,False
31,31,tell us more about how sexism is wrong gopdebate,True
32,32,my deplorable wife and deplorable me out knocking and handing out yard signs basketofdeplorables,True
33,33,all these swamp people should be drained arrested along with hillary charged with accessory to murder,False
34,34,careless use of a secret server put national security at risk vpdebate bigleaguetruth,False
35,35,mr charles woods says hillary lied about how his son tyrone woods died in benghazi neverhillary,False
36,36,bless your hea,True
37,37,bold forward-looking economic plan will increase jobs wages incomes and oppo unities for all americans vpdebate,False
38,38,for the record i competed in treated me w nothing but the upmost suppo respect both during after my reign,False
39,39,hillary clinton is not the victim you the american people are the victims of this corrupt system ,False
40,40,anyone who is for women cannot vote for hillary,True
41,41,thank you for the terrific endorsement of by who will b our next potus,False
42,42,thanksobama for showing us the lies of politicians just like you will say anything to get elected,True
43,43,michiganders lost their jobs due to nafta i opposed that bad deal did not,True
44,44,family time after a long week on the campaign trail for definitely needed this maga trump,False
45,45,why i am a trump suppo er trump,False
46,46,repo man attacks female trump suppo er at florida polling station electionday,False
47,47,wow my newborn just said mum isn't prioritising symbolic victories over material gains antithetical to leftism,True
48,48,any democrat that votes for her is a mindless idiot her words not mine black voters should be incensed give,True
49,49,,False
50,50,if donald trump wins this election i will literally give people who retweet this tweet electionday,True
51,51,that moment when you're pretty sure not even your wife would want to vote for you electionday,True
52,52,is a criminal retweet yes favorite no,False
53,53,i mean if you're so good at negotiating how come you couldn't get,True
54,54,it's a great thing that the people of the uk have taken back their country says after brexit,True
55,55,anything happens to me there's a deadman's switch on pa ii which will be released monday and implicated,True
56,56,repo voter intimidation in philly trump observers kicked out  electionday,False
57,57,you know what [ not running to be pope,True
58,58,someone please help me locate this woman as mr trump has a gift for her,True
59,59,after crooked allowed isis to rise she now claims she'll defeat them laughable here's my plan,False
60,60,oga trump edakun when you win plss help me depo jide in texas me he stole my gf rm me in secondary school,True
61,61,father of soldier killed in benghazi endorses responsible for the death of my son,False
62,62,hillary finally has a record to run on she wasn't indicted epicfail mideastchaos fraud vote,True
63,63,unlike warmonger hillary won't sta wwii  jill stien a vote for hillary is a vote for ww,True
64,64, voting machines in ohio county switch republican to democrat votes myvote electionday electionnight,False
65,65,is not above the law debates,False
66,66,a very prophetic tweet by about anthony weiner over year ago retweet lockherup donate now,True
67,67,voters are a bit like brexit voters they have enthusiasm passion trump has momentum and i t,True
68,68,i gave up my per week job as office mgr to help fight for the presidency i donated many times all i want is an,False
69,69,if donald trump wins i'll paypal everyone that retweeted this electionday,True
70,70,yaas,False
71,71,someone please help me locate this woman as mr trump has a gift for her,True
72,72,update i've now called charities looking for proof that gave millions of his own to charity,True
73,73,perhaps finally justice will be done  publicly responds to news that the fbi is reopening,False
74,74,hey i'm sta ing to put together my halloween costume,True
75,75,one of my followers tweeted this meme yesterday i think it sums up quite nicely,False
76,76,being in vegas for pieceofme is amazing for so many reasons especially when you get to meet,False
77,77,i speak the best hindi ,True
78,78,after a decent first debate is back to form pedantic lawyerly technocratic woefully untruthful responses,True
79,79,tells suppo ers in florida to vote on november,False
80,80,campaigned for today in gmu in va encouraging young people to volunteer and vote sparkling hea sparkling hea sparkling hea,False
81,81,a shout out from at alsmithdinner,False
82,82, its called extreme vetting debates,True
83,83,rudy giuliani reacted to saying he will instruct a special prosecutor to look into,False
84,84,why the fuck do i even follow you because you're addicted to genius asshole,True
85,85,people who want their borders secured are not racists they're patriotic americans,False
86,86,dear future president please don t let the dreams of my generation get locked up,False
87,87,the kk has enthusiastically endorsed the kk the klu klux klan let's all vote this dick into,False
88,88,trump forced to keep his eye on his wife while voting electionday,False
89,89,unbelievable is considering for the supreme cou this is why americans think the,False
90,90,is being protected by a rigged system,True
91,91,finally trashed by will still reserve him a seat on the blue origin rocket senddonaldtospace,True
92,92,icymi we are not in a narrative fight maga,True
93,93,new here's the po rait that bought for and paid for with money earmarked for charity s,False
94,94,or the tl dr version i've called charities looking for proof gives millions to charity her,True
95,95,breaking historic moment when fbi suspect casts vote for an fbi suspect electionday,True
96,96,thank you annawintour for inviting me to this incredible event in suppo of,False
97,97,revelations that asked her maid to print out classified material at her home gives the word reckless a whole new meaning,True
98,98,the media wants to intimidate you into voting hillary but nobody will know who you push that button for break the cycle maga electionday,False
99,99,the concept of global warming was created by and for the chinese in order to make u s manufacturing non-competiti,False
100,100,i am you know adamantly against illegal immigration ,True
101,101,my deplorable wife and deplorable me out knocking and handing out yard signs basketofdeplorables,True
102,102,en route to oklahoma to campain for we're stronger together united states imwithher,False
103,103,in his apology pretends his behavior in the leaked tapes was an anomaly no it is a pattern,False
104,104,police car light breaking repo s of voterfraud in philly instructional ballot being handed out inside polling stations double exclamation mark,True
105,105,if anyone knows how to use a delete key it's you,True
106,106,i know where hillary clintons deleted emails are and how to get them legally,True
107,107,it's time to come together to ensure that is never elected president of the united states,False
108,108,i m asking america to join me in dreaming big and bold things for our future  draintheswamp,False
109,109,thank you so much president to god be the glory for you the holy spirit is with you trumptrain,False
110,110,stay out of houston this for my people trump,False
111,111,revelations that asked her maid to print out classified material at her home gives the word reckless a whole new meaning,True
112,112,podestaemails did you ever have doubts whether was pro and blocking other candidates,True
113,113,are you still against the tpp seems your own campaign manager can't recall your publicposition o,True
114,114,one thing is for sure this is the weirdest fucking election cycle of all time,False
115,115,it's a great thing that the people of the uk have taken back their country says after brexit,True
116,116,joining the arizona trumptrain soon just sent us this video from trump tower nyc,False
117,117,that moment when you're pretty sure not even your wife would want to vote for you electionday,True
118,118,says not so fast little feller draintheswamp fbicoverup pondscumobama wikileaks,False
119,119,any day is a great day for pho soup i love asians,True
120,120,directed her maid to print out classified materials some of them about libya and iran,True
121,121,let's get this pa y sta ed madame secretary trump,True
122,122, killing children shouldn't be left to states  it should be rejected by laws,False
123,123,first wwe hall of famer to become president,True
124,124,tell us more about how sexism is wrong gopdebate,True
125,125,problem isn't that he couldn't be heard on monday night his problem is we all heard him quite clearly,True
126,126,has thousands of contributions at a piece billionaires fund her opponent i know which side i,False
127,127,satan worshiper wears a nazi armband to introduce in no h carolina,False
128,128,donald trump checks to make sure melania voted for him electionday,False
129,129,dad daughter work day when the option to spend time w grandpa showed she dropped me like a rock face with tears of joy,False
130,130,retweet if you agree w hillaryclinton,False
131,131,fire police car light the man that gave up his billionaire lifestyle to be ridiculed slandered mistreated to save,False
132,132,breaking rigging the election video ii creamer confirms involvement veritas,False
133,133,give me a small christmas gift of a million dollars,True
134,134,you are a disgrace not only to the gop but to all america withdraw from the u s presidential race as you will never win,False
135,135,tax hikes will crush our economy i will cut taxes  big league,False
136,136,who wants a president that could be blackmailed dr ben carson,True
137,137,don't make me regret it hoe,False
138,138,silly its your campaign manager that has ties to russian banks go sober up you are embarrassin,True
139,139,update ward divisions  illegal lit being distributed inside polling place voterfraud,False
140,140,any day is a great day for pho soup i love asians,True
141,141,proud to suppo she's making history not for herself but for women everywhere imwithher,False
142,142,lgbtq+ lives are at stake in this election the trump pence ticket suppo s electrocuting the queerness out of kids,True
143,143,dear hi it's me one of the deplorables just wanted to let you know we won't fit in a basket ,True
144,144,the movement in warren michigan this afternoon yuge overflow crowd welcomes upon arrival,False
145,145,wow watch make the case for,False
146,146,hillary is on her way to an airpo to watch the election results parked on a runway with flight plans to qatar electionday,True
147,147,silly its your campaign manager that has ties to russian banks go sober up you are embarrassin,True
148,148,hey you mad bro,True
149,149,is not racist there's really not excuses for people calling him that latinoswithtrump maga united states,False
150,150,in which basically proves our point,False
151,151,hidden cam foreign national campaign worker calls himself expe @ making illegal donations to t,True
152,152,has been pa of the rigged dc system for years why would we take policy advice from her debates,True
153,153,hillary i'll lie steal cheat or kill benghazi neverhillary imwithher maga,True
154,154,dude that's freaking cool as heck wind turbine blades will slice million birds and bats to death in yrs,True
155,155,while you call latinos rapists and murders here's a latino repairing your star,False
156,156,that moment when you're pretty sure not even your wife would want to vote for you electionday,True
157,157,that's a shitty ass drawing,False
158,158,sickening hillary suppo ers attack homeless woman guarding hollywood star it's time to take,False
159,159,crooked foundation is a criminal enterprise time to draintheswamp bigleaguetruth debate,False
160,160,do you want more years of the government taking money from your paycheck to give it to illegals who sneak across,False
161,161,do you pay an angry year old boy to handle your twitter account,True
162,162,i am continually amazed and terribly inspired by you if such an idiot can make a ton of money here's hope for me yet,True
163,163,she breaking laws,False
164,164,on phone with on plane en route to stlouisdebate,False
165,165,breaking major donor inside dem fundraiser blacks are seriously f ed in the head,False
166,166,last night i watched display everything i expect out of the potus donald displayed everything i expect out of a th grader,True
167,167,wow my newborn just said mum isn't prioritising symbolic victories over material gains antithetical to leftism,True
168,168,about percent of campaign money has come from large donors demdebate,False
169,169,+ your deafening silence on standingrock will not be forgotten nodapl,False
170,170,crowds vs crowds by the numbers,False
171,171,revolving hea s love all my deplorable basketbuddies for trump basketofdeplorables maga united states trumppence united states,True
172,172,i wanted the billboard to be squeezing two handfuls of hotdogs but this will do tix,True
173,173,bernie is right the diversity of women-hating gay killing minority oppressing middle eastern dictatorships that,False
174,174,if + her pa y wanted to solve immigration problems they could have done it when they controlled government they didn't,False
175,175,breaking staggers into car tonight unfit to lead imvotingbecause we need trump retweet donate,False
176,176,i would like to extend my best wishes to all even the haters and losers on this special date september th,True
177,177,apologized for something he said yrs ago i accept it clinton still hasn't for lying about benghazi deleted emails,False
178,178,toast dems had better get the'b team off the bench for attorney general under president trump,False
179,179,honored to cast my vote today for aka madam president aka imwithher ivotedearly dontboovote,False
180,180,is the continuity candidate if you want change in america you vote for,False
181,181,maybe it's not the illegal immigrants that are keeping you from landing a job just saying,True
182,182,were you lying or was sexual assault pa of your action every day it s a simple question you should have to answer it,True
183,183,some people seemed upset that i called a moron so i wanted to clarify my remarks he's also an asshole imwithher,True
184,184,i know where hillary clintons deleted emails are and how to get them legally,True
185,185,isis has infiltrated countries all over europe by posing as refugees and will allow it to happen h,False
186,186,turnout on so-called conversion therapy lgbt kids don't need to be cured of anything they need,False
187,187,hey satanist rituals like spiritcooking really is this why you wanted to remove god from dem platform,True
188,188,dude that's freaking cool as heck wind turbine blades will slice million birds and bats to death in yrs,True
189,189,lgbtq+ lives are at stake in this election the trump pence ticket suppo s electrocuting the queerness out of kids,True
190,190,when speaks investments is a code word for crony capitalism government picking winners and losers debates,True
191,191,i mean if you're so good at negotiating how come you couldn't get,True
192,192,united states i am a woman i just voted for nebraskaprimary trump trumpforpresident,False
193,193,more classified emails were discovered to have been deleted from private server,False
194,194,we are praying for you trumpnation trumptrain no weapon formed against you will prosper,False
195,195,when a presidential candidate can't even trust his own wife to vote for him neve rump electionday,True
196,196,new revelations from own aides are clearest proof yet the pay-to-play culture that dominated her state dept knew no limits,False
197,197,if anyone knows how to use a delete key it's you,True
198,198,hey happy halloween here's a thought why don't you dress up as an orange-haired pussy cat and grab yourself meow jack-o-lantern jack-o-lantern,True
199,199,great speech thus far this is why you're getting my vote,False
200,200,retweet if donald j trump has your vote for the general election retweet for a revolution,False
201,201,good point is the candidate who might end global warming by bringing us nuclear winter don't be,True
202,202,hillary now railing on about trump insulting isis i mean honestly can it be any clearer si,False
203,203,tonight on the show and music from plus ew returns with fallontonight,False
204,204,i notice these are not built in mics tonight please drop the mic tonight hill microphone right arrow curving down dropthemichrc debates,False
205,205,we need strong broad-shouldered leadership like in the white house vpdebate,False
206,206,thank you mesa az while continues to climb in the polls americans are working hard to win back,False
207,207,is representing the absolute hea break anger frustration in a government gone bad,False
208,208,thank you for reading i'm incredibly moved to be accurate i'm ugly crying imwithher,True
209,209,so my great grandmother who passed away in just got registered to vote in california hmm wonder who did that,True
210,210,alex jones proven right about satanism connections learn more,False
211,211,breaking hillary clinton stumbles to her car after landing in philadelphia electionday election,False
212,212,teamtrumppa will swing pa from crookedhillary blue to red americafirst trumppence locomotive dashing away united states united states,False
213,213,clint eastwood on trump he is fearless he is great likeaboss trump trumptrain,False
214,214,davidforrest painting a,False
215,215,is being protected by a rigged system,True
216,216,trump you base your statements on photoshopped pics i bailed you out twice a rd time maybe,False
217,217,got a text message from noting that trump is ahead in a big poll and asking me to chip in ask soros for,True
218,218,mrs bill clinton's worst nightmare black outreach he can connect with anyone,True
219,219,collision stunning trump numbers collision ballot box with check i believe trumppence will get over of the vote on,False
220,220,if i win i am going to instruct my atty gen to get a special prosecutor to look into your situation,False
221,221,,False
222,222,how do you celebrate after a big win innout hamburger french fries teamtrump maga united states,False
223,223,viable candidates potus black circle hc=rd obama term red circle dt=real change in america trump maga folded hands medium skin tone united states,False
224,224,police car light breaking bernie sanders endorses trump electionday voted,True
225,225,breaking  endorses for president,True
226,226,that moment when you're pretty sure not even your wife would want to vote for you electionday,True
227,227,i'm offended as an athlete that keeps using this locker room talk as an excuse,False
228,228,thank you for writing our th grade volunteer antonio a note excusing him from class to attend to,False
229,229,dear hi it's me one of the deplorables just wanted to let you know we won't fit in a basket ,True
230,230,vogue endorses for president of the united states,False
231,231,is going to cut taxes big league  crooked is going to raise taxes big league draintheswamp,False
232,232,podestaemails did you ever have doubts whether was pro and blocking other candidates,True
233,233,this is the punk who says trumps not fit to run for president j la red hea,True
234,234,you are our only hope mr trump imwithyou,False
235,235,hey i'm an american muslim and i already carry a special id badge where's yours semperfi usmc,True
236,236,no you don't fuck you,False
237,237,hey no hcarolina get out and vote sta ing today for heavy check mark help us to makeamericagreatagain united states,False
238,238,this is the punk who says trumps not fit to run for president j la red hea,True
239,239,we're coming watch out,False
240,240,gov and outline their plan to repeal and replace obamacare,False
241,241,must watch passionately makes the case for explains why she's chosen to votelove in,False
242,242,so my great grandmother who passed away in just got registered to vote in california hmm wonder who did that,True
243,243,will protect and defend the constitution debate bigleaguetruth draintheswamp,False
244,244,it's clear been racist saying our african american president it's plain to see we won't miss u when u perish,False
245,245,chaffetz if is clean why does her staff keep pleading the fifth election,True
246,246,just like all those emails requested by congress,True
247,247,in an age of pussified political correctness you have to respect the people who remain unfiltered,True
248,248,your silence is terrifying and nodapl,False
249,249,seen lots of people saying they will change their vote over spiritcooking scandal,False
250,250,police car light breaking wow at the last minute chris matthews endorses trump electionday,False
251,251,every candidate for president needs to do the right thing condemn statement,False
252,252,thank you for reading i'm incredibly moved to be accurate i'm ugly crying imwithher,True
253,253,anyone who is for women cannot vote for hillary,True
254,254,police car light breaking bernie sanders endorses trump electionday voted,True
255,255,silly its your campaign manager that has ties to russian banks go sober up you are embarrassin,True
256,256,you make me look like an angel,True
257,257,wow my newborn just said mum isn't prioritising symbolic victories over material gains antithetical to leftism,True
258,258,a trump inspired dance tune for the election,False
259,259,in the words of these were the good old days this is what he means by make amerikka great again,False
260,260,welcome to hillary's america where women are attacked for wearing a trump jersey she paid for them to do it too,True
261,261,camp freaked out over repo hrc herself met w super pac priorities usa during primary against,False
262,262,me with some of the dangerous terrorists doesn't want to risk giving refuge to syrianrefugees,True
263,263,hillary clinton has stolen our innovative wikileaks twitter logo design compare vs,False
264,264,me with some of the dangerous terrorists doesn't want to risk giving refuge to syrianrefugees,True
265,265,is pro-life pro-family bigleaguetruth debates,False
266,266,just destroyed rudy giuliani and,False
267,267,dear thank u for promising to protect me from terrorists while glossing over the fact that you'd take away my marriage,True
268,268,i speak the best hindi ,True
269,269,love and thank you always an honor my friend,False
270,270,hillary i'll lie steal cheat or kill benghazi neverhillary imwithher maga,True
271,271,i m with you not included women african americans lgbt people muslims latinos immigrants,True
272,272,black people know when they're speaking to a racist pa ii basketofdeplorables maga boycottnfl,False
273,273,fuuck noo like hell fucking noo hell the fuckingg the noo hell the fucking fuu,False
274,274,who wanted to crucify gennifer flowers who called lewinsky a narcissistic loony toon answer,True
275,275,directed her maid to print out classified materials some of them about libya and iran,True
276,276, its called extreme vetting debates,True
277,277,revelations that asked her maid to print out classified material at her home gives the word reckless a whole new meaning,True
278,278,someone explain why emails are still a headline when the kk just endorsed trump a judge just set a date for his rape trial,True
279,279,it s hard not to see this as anything other than a down payment to influence fbi s criminal investigation into,False
280,280,do you mind helping me out a little,True
281,281,over of middle east refugees in usa collect welfare oa news refugee,False
282,282,some people seemed upset that i called a moron so i wanted to clarify my remarks he's also an asshole imwithher,True
283,283,presently in hispanic roundtable with leaders from across the country,False
284,284,in an age of pussified political correctness you have to respect the people who remain unfiltered,True
285,285,you make me look like an angel,True
286,286,sadly your racism is poisoning your barely functioning brain you are a terrible person,False
287,287,hey have you seen my bombshell on dnc inciting violence at rallies,True
288,288,hang in there america it won't be long vote for trump the next potus trump trumptrain a,False
289,289,hey you mad bro,True
290,290,icymi we are not in a narrative fight maga,True
291,291,new wikileaks a king's m for access to |,False
292,292,police car light breaking bernie sanders endorses trump electionday voted,True
293,293,cyrus for clinton since the beginning red hea blue hea red hea blue hea red hea blue hea make ur plans now to vote on nov,False
294,294,instead of facing consequences for her actions like others have been protected at every turn by the obama admin,False
295,295,wow thinks we muslim women aren't allowed to speak let's let him hear us in nov in honor of mrs khan raised fist medium-light skin tone trumpsacrifices,True
296,296,police car light breaking repo s of voterfraud in philly instructional ballot being handed out inside polling stations double exclamation mark,True
297,297,problem isn't that he couldn't be heard on monday night his problem is we all heard him quite clearly,True
298,298,if only keeps of his promises that will still be times more than the has in years,True
299,299,i hope you get fired cheating is the only way she'll win hey is this okay with you,True
300,300,my friend revokes his endorsement of,False
301,301,it's not rigged you're losing fair square put on your big-boy pants because this is what accountability looks like,True
302,302,just like a casual fyi person tipping hand light skin tone,False
303,303,hey here's my weak dad who volunteered to take your place in vietnam he died early rip dad he,True
304,304,i don't hear much from these days has she been arrested if not why not ccot tcot pjnet p,True
305,305,welcome to hillary's america where women are attacked for wearing a trump jersey she paid for them to do it too,True
306,306,it's great to be in nh with  tough sma women who fight for us,False
307,307,aye mobile phone with arrow text roar to to score free admission tickets to see me this saturday in philly i'll be the one singing microphone lovetrumpshate red hea,False
308,308,is being protected by a rigged system,True
309,309,republican friends even these guys are voting for,True
310,310,very interesting not following on twitter anymore wonder why that is hmm thinking face thinking face fbimwithher podestaemails,True
311,311,represents the political elite and so much of what has gone wrong over the past few decades,True
312,312,a presidency would threaten religious libe y and put our constitutional rights in danger,True
313,313,has been answering am phone calls his entire life ask chris stevens if hillary answered at am,True
314,314,i'm dead serious i reviewed a number of videos and i think has early onset parkinson's disease it appears she takes l-dopa,True
315,315,represents the political elite and so much of what has gone wrong over the past few decades,True
316,316,hey i'm sta ing to put together my halloween costume,True
317,317,midnight rally in michigan at m views growing watch,False
318,318,ayo i almost forgot to tell you,True
319,319,ever wonder why republicans want voter id obama won in every state that did not require a photo id,True
320,320,not sure why blasts for objectifying woman treating women as objects really megyn,True
321,321,imwithyou friend let's bury the past failures trumppencelandslide americafirst trumppence,False
322,322,police car light breaking repo s of voterfraud in philly instructional ballot being handed out inside polling stations double exclamation mark,True
323,323,i don't hear much from these days has she been arrested if not why not ccot tcot pjnet p,True
324,324,podestaemails did you ever have doubts whether was pro and blocking other candidates,True
325,325,we are all family join trump family we the people family,False
326,326,make sure bullying never reaches the white house chip in now,False
327,327,dear thank u for promising to protect me from terrorists while glossing over the fact that you'd take away my marriage,True
328,328,just like all those emails requested by congress,True
329,329,pledges to end conversion therapy lgbt kids don't need to be cured of anything,False
330,330,you're an authoritarian life-long liberal who disrespects life libe y equality we can't trust you on justices,False
331,331,problem isn't that he couldn't be heard on monday night his problem is we all heard him quite clearly,True
332,332,she's caught paying people to riot at trump rallies her whole inner circle does satanic spiritcooking and last n,False
333,333,i am continually amazed and terribly inspired by you if such an idiot can make a ton of money here's hope for me yet,True
334,334,greatest campaign picture ever just love it,False
335,335,we are the united states of america we're coming united to take our country back trump,False
336,336,collision go granny collision trumppence neverhillary americafirst nra alwaystrump trumptrain maga,False
337,337,breaking news the fbi is re-opening their investigation into secret server,False
338,338,anyone who is for women cannot vote for hillary,True
339,339,when is potus families are going to be safe and secure law and order will be restored maga,False
340,340,that moment when you're pretty sure not even your wife would want to vote for you electionday,True
341,341,check out our new tool every time tweets something offensive automatically donate,True
342,342,personally looks at hits comment counts on stories was i censored your call,True
343,343,dude that's freaking cool as heck wind turbine blades will slice million birds and bats to death in yrs,True
344,344,very interesting not following on twitter anymore wonder why that is hmm thinking face thinking face fbimwithher podestaemails,True
345,345,how can u deny climate change when my pussy this hot fire sun fire,False
346,346,yuge pt shift toward trump in just days,False
347,347,any day is a great day for pho soup i love asians,True
348,348,what's worse americans abandoned in benghazi or locker room talk,False
349,349,construction trump has his eye on the ball and the folks to buildthatwall trumppence imwithyou,False
350,350,i believe the term is just rat delete,True
351,351,wikileaks bill clinton says white working class hopeless  this includes many of my friends vote,False
352,352,breaking video pennsylvania voters repo voting machines flipping votes from trump to clinton electionday,False
353,353,personally looks at hits comment counts on stories was i censored your call,True
354,354,ever wonder why republicans want voter id obama won in every state that did not require a photo id,True
355,355,police reform gun control mental health awareness women's rights affordable education debates,False
356,356,my name is brittany and i just witnessed voter fraud at pa polling place [video] myvote electionday,False
357,357,help with no h carolina hurricane victims mr trump gave his o,False
358,358,flashback seems to have changed her story about the use of a private email server,False
359,359,it must be the responsibility of all americans to condemn remarks the violence they suggest,False
360,360,if donald trump wins this election i will literally give people who retweet this tweet electionday,True
361,361,any day is a great day for pho soup i love asians,True
362,362,not sure why blasts for objectifying woman treating women as objects really megyn,True
363,363,[watch] president obama commit treason in why is this man not in prison,True
364,364,are you still against the tpp seems your own campaign manager can't recall your publicposition o,True
365,365,why is my son in prison for mishandling classified information while who's done much worse is ru,False
366,366,my pledge locomotive dashing away no matter what they say trump says does is or was he has my loyalty white heavy check mark ote united states trumppence united states imwithyou,False
367,367,if trump builds the pipeline buffet will lose billion now you know why he's with her,True
368,368,[watch] president obama commit treason in why is this man not in prison,True
369,369,what do we have here looks like uncovered footage of denouncing david duke in he's a bigot,True
370,370,i mean if you're so good at negotiating how come you couldn't get,True
371,371,breaking  endorses for president,True
372,372,watch with pride as this builds to the powerful climax dedicated to trump suppo ers maga,False
373,373,the democrats are abandoning the rapidly sinking crooked hillary ship goofy elizabeth warren has unfollowed,False
374,374,wants a safe america w stronger borders no amnesty and an end to sanctuary cities he is,False
375,375,um why are we paying for hillary's campaign trump proves to be right again riggedsystem,True
376,376,i predicted a presidency on nov one yr later on nov it'll be reality maga,False
377,377,what do we have here looks like uncovered footage of denouncing david duke in he's a bigot,True
378,378,that moment when you're pretty sure not even your wife would want to vote for you electionday,True
379,379,huma abedin could be chief of staff dems did you know about this backhand index pointing down crookedhillary crookedstaff,True
380,380,i would like to extend my best wishes to all even the haters and losers on this special date september th,True
381,381,new video is a failed businessman trumpbusinessfail trumptaxes,False
382,382,police car light breaking machine refuses to allow vote for trump in pennsylvania the hell out of it voterfraud voted,False
383,383,just like michelle says when they go low we go high went high and showed why she'll be a potus for all americans,False
384,384,high crimes = high time here's to a great sta gogogowdy lockherup wikileaks trumppence,False
385,385,trumptrain locomotive dashing away united states came out in force to suppo the gop nominee next potus a movement like never se,False
386,386,references pok mongo,False
387,387,ivanka penned an op-ed that ran in the this afternoon read it here,False
388,388,a administration will bring jobs back debates,False
389,389,son of the late ronald reagan is finally coming around and he says he s going to suppo,False
390,390,were you lying or was sexual assault pa of your action every day it s a simple question you should have to answer it,True
391,391,the suppo for is incredible  our movement is making history maga trumptrain,False
392,392,current issue of newsweek explains illegally deleted troves of subpoenaed emails double standard,True
393,393,i hope you get fired cheating is the only way she'll win hey is this okay with you,True
394,394,if donald trump wins this election i will literally give people who retweet this tweet electionday,True
395,395,i mean if you're so good at negotiating how come you couldn't get,True
396,396,dear thank u for promising to protect me from terrorists while glossing over the fact that you'd take away my marriage,True
397,397,anyone with children knows that whining about imaginary cheating is the last refuge of the sore loser,True
398,398,horrifying that moms have to work days after giving bi h st step to fix elect uwomen,False
399,399,problem isn't that he couldn't be heard on monday night his problem is we all heard him quite clearly,True
400,400,thanksobama for showing us the lies of politicians just like you will say anything to get elected,True
401,401,it is better to live one day as a lion than years as a sheep makeamericagreatagain,True
402,402,couldn't be more proud of her vision and command during last night's debate showed that she's ready to be our next,False
403,403,current issue of newsweek explains illegally deleted troves of subpoenaed emails double standard,True
404,404,hey i'm an american muslim and i already carry a special id badge where's yours semperfi usmc,True
405,405,sorry no one was paying attention to your announcement we are all too busy ready wikileaks dncleak,True
406,406,hey i'm an american muslim and i already carry a special id badge where's yours semperfi usmc,True
407,407,dear thank u for promising to protect me from terrorists while glossing over the fact that you'd take away my marriage,True
408,408,my name is brittany foreman and today i witnessed voterfraud spread it deplorables don't let them steal ou,False
409,409,thanksobama for showing us the lies of politicians just like you will say anything to get elected,True
410,410,dude that's freaking cool as heck wind turbine blades will slice million birds and bats to death in yrs,True
411,411,homeless trump suppo er guards star on hollywood blvd against all sjws basedsentinel magax,False
412,412,i don't hear much from these days has she been arrested if not why not ccot tcot pjnet p,True
413,413,crowd beats protestor notice how they're using signs to block view of cameras,False
414,414, its called extreme vetting debates,True
415,415,good point is the candidate who might end global warming by bringing us nuclear winter don't be,True
416,416,veteran dem pollster pat caddell on hrc  dam is about break  landslide for h t,False
417,417,do you mind helping me out a little,True
418,418,stop pandering you're so fake it's ridiculous trump neverhillary dropouthillary,False
419,419,this is the punk who says trumps not fit to run for president j la red hea,True
420,420,our job is to elect and to understand that on the day after we are not finished we must continue the movement,False
421,421,that moment when you're pretty sure not even your wife would want to vote for you electionday,True
422,422,video machine refuses to allow vote for trump in pennsylvania  electionday,False
423,423,check out our new tool every time tweets something offensive automatically donate,True
424,424,y'all seen this stay woke guys out here rigging machines,False
425,425,breaking historic moment when fbi suspect casts vote for an fbi suspect electionday,True
426,426,last night i watched display everything i expect out of the potus donald displayed everything i expect out of a th grader,True
427,427,has a pay-to-play problem just like crooked vpdebates bigleaguetruth,False
428,428,dncleak wow dnc discussing their faked groping charges against dnc is scum,True
429,429,americans are dead after being abandoned by and locker room talk offends you more,True
430,430,you got this debates,False
431,431,ayo i almost forgot to tell you,True
432,432,with fbi re-opening criminal investigation democrats on the ballot must now be asked whether or not they still suppo,False
433,433,ever wonder why republicans want voter id obama won in every state that did not require a photo id,True
434,434,someone explain why emails are still a headline when the kk just endorsed trump a judge just set a date for his rape trial,True
435,435,these are your us inteligence agencies how's the coast guard investigation going or dea or,True
436,436,i earlier in motorcade en route to flight to st louis for debate photo credit,False
437,437,donald trump spelt backwards is pmu dlanod which makes no sense just like his thoughts,True
438,438,voter fraud caught on tape in philadelphia  electionday,False
439,439,police car light urgent trump voters do not listen to exit poll data the media is lying suppress trump vote go to vote no matte,False
440,440,treason gets less coverage than the locker-room talk no wonder america thinks your a joke,False
441,441,obama's response to mean tweet on was perfect more coming soon,False
442,442,florida poll leads to specialrepo,False
443,443,donald trump spelt backwards is pmu dlanod which makes no sense just like his thoughts,True
444,444,i wanted the billboard to be squeezing two handfuls of hotdogs but this will do tix,True
445,445,i would like to extend my best wishes to all even the haters and losers on this special date september th,True
446,446,got a text message from noting that trump is ahead in a big poll and asking me to chip in ask soros for,True
447,447,say whatever you want about all he wants is to maga for all americans,False
448,448,clarification from dem operatives pneumonia expect emergency dnc meeting to consider replacement hillaryshealth,False
449,449,wow thinks we muslim women aren't allowed to speak let's let him hear us in nov in honor of mrs khan raised fist medium-light skin tone trumpsacrifices,True
450,450,who wanted to crucify gennifer flowers who called lewinsky a narcissistic loony toon answer,True
451,451,why the fuck do i even follow you because you're addicted to genius asshole,True
452,452,i don't believe in free college ,True
453,453,breaking voters in pa repo ballots defaulting to clinton  electionday,False
454,454,thanksobama for showing us the lies of politicians just like you will say anything to get elected,True
455,455,has been answering am phone calls his entire life ask chris stevens if hillary answered at am,True
456,456,anyone with children knows that whining about imaginary cheating is the last refuge of the sore loser,True
457,457,hillary finally has a record to run on she wasn't indicted epicfail mideastchaos fraud vote,True
458,458,or the tl dr version i've called charities looking for proof gives millions to charity her,True
459,459,mayor giuliani the [clinton] maid who had access to top-secret material it's a crime hannity foxnews,True
460,460,ayo i almost forgot to tell you,True
461,461,cannot lead people you loathe,True
462,462,finally trashed by will still reserve him a seat on the blue origin rocket senddonaldtospace,True
463,463,years old hispanic a woman this is why i suppo ps = the inspiration for this face blowing a kiss,False
464,464,state depa ment leaked information to about her investigation podestaemails lockherup,False
465,465,my superpac the american people go trump we got your back makeamericagreatagain trump,False
466,466,breaking jay z punches underage girl in the face for taking his picture backstage at rally,False
467,467,huge youtuber dna reveals he is th cousin,False
468,468,is being protected by a rigged system,True
469,469,welcome to hillary's america where women are attacked for wearing a trump jersey she paid for them to do it too,True
470,470,man you got yelled at by tic tacs this is not going well,True
471,471,wow my newborn just said mum isn't prioritising symbolic victories over material gains antithetical to leftism,True
472,472,lgbtq+ lives are at stake in this election the trump pence ticket suppo s electrocuting the queerness out of kids,True
473,473,icymi we are not in a narrative fight maga,True
474,474,,False
475,475,dncleak ties podesta to child kidnapping  then rare dos attacks shut wikileaks down probably twitter too,False
476,476,this is so pathetic if weren't so vile i would almost feel sorry for her but she is and i don't,False
477,477,my deplorable wife and deplorable me out knocking and handing out yard signs basketofdeplorables,True
478,478,more emails show illegal coordination between and super pac podestaemails,False
479,479,when a presidential candidate can't even trust his own wife to vote for him neve rump electionday,True
480,480,very sma for to now almost solely focus on what he will do for america turning the page from clinton corruption,False
481,481,aide cheryl mills didn't want her to run because of private server podestaemails,False
482,482,it's a great thing that the people of the uk have taken back their country says after brexit,True
483,483,this is the simple fact about she is a typical politician  all talk no action debates,False
484,484,on top of talking bout erica garner problem chair implied her dad's death might not be police ag,False
485,485,were you lying or was sexual assault pa of your action every day it s a simple question you should have to answer it,True
486,486,supersisters and campaign for in ga and fl brilliant and beautiful,False
487,487,hey have you seen my bombshell on dnc inciting violence at rallies,True
488,488,breaking historic moment when fbi suspect casts vote for an fbi suspect electionday,True
489,489,i'm flabbergasted that actually has a platform to speak to this many people i'm appalled,False
490,490,hey you mad bro,True
491,491,anyone who is for women cannot vote for hillary,True
492,492,cannot lead people you loathe,True
493,493,i don't believe in free college ,True
494,494,an illegal under arrest by ice agents for attempting to vote in dade county fl be vigilant electionday,False
495,495,americans are dead after being abandoned by and locker room talk offends you more,True
496,496,this is the a of biljana djurdjevic a favorite of tony podesta brother of campaign manager,False
497,497,do you pay an angry year old boy to handle your twitter account,True
498,498,some people seemed upset that i called a moron so i wanted to clarify my remarks he's also an asshole imwithher,True
499,499,i am delighted that has agreed to debate let s do it in the biggest stadium possible,False
500,500,some people seemed upset that i called a moron so i wanted to clarify my remarks he's also an asshole imwithher,True
501,501,breaking is leading in polls in impo ant battleground states qatar iraq iran saudi arabia rememberwhentrump was never,True
502,502,breaking fed more questions to camp ahead of march town hall podestaemails,False
503,503,this development raises serious s about what records may not have been turned over why whether they show inte,False
504,504,exclusive story young soldier tells how stepped in to help at critical time,False
505,505,front page trump wins in landslide new york times  november trump,False
506,506,why should americans trust you to be president when they can't even trust you to sell the stunner,False
507,507,dude that's freaking cool as heck wind turbine blades will slice million birds and bats to death in yrs,True
508,508,here's a list of of the biggest lies has told so far,False
509,509,watch me + friends suppo ing stronge ogether demsinphilly,False
510,510,a real hero would have actually written fuckface coward,False
511,511,do you mind helping me out a little,True
512,512,this guy got there at am and got a hug from he was so excited proud and he definitely de,False
513,513,someone explain why emails are still a headline when the kk just endorsed trump a judge just set a date for his rape trial,True
514,514,do you mind helping me out a little,True
515,515,overconfidence has sta ed hurling trash bags full of her clothes over the white house fence,False
516,516,i have a question for the republicans,False
517,517,yes you ve never heard of me because while you were harassing women at beauty pageants i was fi,False
518,518,republican friends even these guys are voting for,True
519,519,hooray cast my ballot for today so proud to suppo him nov trumptrain will deliver him,False
520,520,a window into her soul watch for shocking details on how got off a child rapist,False
521,521,i don't believe in free college ,True
522,522,,False
523,523,meet me in person and tell me my brother yusor razan were deserving of the bullets scprimary ou hreewinners,True
524,524,join live in wisconsin with gov coach bobby knight live,False
525,525,has been answering am phone calls his entire life ask chris stevens if hillary answered at am,True
526,526,i m with you not included women african americans lgbt people muslims latinos immigrants,True
527,527,revolving hea s love all my deplorable basketbuddies for trump basketofdeplorables maga united states trumppence united states,True
528,528,dem voter fraud caught red-handed maga trumppence trumptrain trump,False
529,529,hey satanist rituals like spiritcooking really is this why you wanted to remove god from dem platform,True
530,530,care to explain neve rump,False
531,531,a presidency would threaten religious libe y and put our constitutional rights in danger,True
532,532,haha just came up and asked are you guys the vamps we are all confused and impressed she was soo nice,False
533,533,whereshillary watching this video of sho circuiting,True
534,534,cc  red ale trump team  lunatic progressives calling for trump assassination,False
535,535,good point is the candidate who might end global warming by bringing us nuclear winter don't be,True
536,536,at years old nothing will stop these ladies from casting their votes for in virginia united states,False
537,537,just remember is fighting for you and hillary is fighting for her biggest donors maga trump,False
538,538,keep them notes memo,True
539,539,i received my passpo i'm ready to vote for my country for you for my daughter for women workers,False
540,540,i would like to extend my best wishes to all even the haters and losers on this special date september th,True
541,541,poor jeb i could've sworn i saw him outside trump tower the other day,True
542,542,you should give the money back draintheswamp,False
543,543,wants to make america great while crooked hill want to make america wait watch like and re-twe,True
544,544,current issue of newsweek explains illegally deleted troves of subpoenaed emails double standard,True
545,545,i would like to extend my best wishes to all even the haters and losers on this special date september th,True
546,546,police car light media police car light won't show black trump supp never aired him blackout kellyfile,False
547,547,how many times can we retweet this video of falling while getting on to air force one trump,True
548,548,you know what [ not running to be pope,True
549,549,personally looks at hits comment counts on stories was i censored your call,True
550,550,i voted for today here in israel today via absenteeballot maga trumptrain trumppence,False
551,551,let's see million jobs added dow up abt bin laden dead climate change action aca sounds good to me,False
552,552,directed her maid to print out classified materials some of them about libya and iran,True
553,553,someone please help me locate this woman as mr trump has a gift for her,True
554,554,americans are dead after being abandoned by and locker room talk offends you more,True
555,555,you need both a public and a private position debates,False
556,556,donald trump has no blood on his hands as does remember benghazi remember,False
557,557,alex jones uncovers pickle-gate picklegate,False
558,558,fbi's last minute week investigation of is either most efficient thing us gov has ever done or total bs comey,True
559,559,podestaemails did you ever have doubts whether was pro and blocking other candidates,True
560,560,breaking will return to arizona on wednesday rsvp here,False
561,561,wants to make america great while crooked hill want to make america wait watch like and re-twe,True
562,562,of gop in fl is crossing over for and i want to hug the man holding this sign god bless americ,False
563,563,these are your us inteligence agencies how's the coast guard investigation going or dea or,True
564,564,i believe the term is just rat delete,True
565,565,,False
566,566,watch this lawyer tell staffers to break the law btw ms guypana disappeared when vid was released,False
567,567,that clintons raked in millions while same donors had biz before state dept points to clear pay-to-play culture,False
568,568,you're fucking retarded,False
569,569,breaking historic moment when fbi suspect casts vote for an fbi suspect electionday,True
570,570,if trump builds the pipeline buffet will lose billion now you know why he's with her,True
571,571,dnc planned the false sexual harassment charges against dncleak,False
572,572,hello boys this is my formal endorsement of i'm a woman last i checked and rudy u r amazing,True
573,573,has been pa of the rigged dc system for years why would we take policy advice from her debates,True
574,574,he's got game in it to win it makeamericagreatagain,False
575,575,fbi's last minute week investigation of is either most efficient thing us gov has ever done or total bs comey,True
576,576,hillary clinton secretly received debate question in advance from cnn,False
577,577,what did mean by this,False
578,578,if you like the past years vote,False
579,579,we will never forget benghazi and the blood on hillary's hands maga trumppence,False
580,580,rock on believing in from the begining  when so many thought trump was a joke,False
581,581,if you're already preparing a seat at the table for raising hands medium-light skin tone,False
582,582,any day is a great day for pho soup i love asians,True
583,583,on very first day of campaign we caught campaign directors breaking the law foreigndonations tcot,False
584,584,tonight gave a textbook display of her dishonesty and evasiveness debates,False
585,585,breaking is leading in polls in impo ant battleground states qatar iraq iran saudi arabia rememberwhentrump was never,True
586,586,getting down to brass tacks united states united states united states united states united states wethepeople gop wakeupamerica maga trumptrain trump,False
587,587,if was president middle class would make more i honestly think he could keep jobs in america so true-easy,True
588,588,must talk about the issues tonight america's place in the world strong border controls and help,False
589,589,reds electionday giveaway vote for a prize then this poll and follow us to be entered to win the prize getting the most votes,False
590,590,unlike warmonger hillary won't sta wwii  jill stien a vote for hillary is a vote for ww,True
591,591,if is president she ll be all talk and nothing will get done debate bigleaguetruth,False
592,592,tomorrow on on the death of his cousin and response,False
593,593,bless your hea,True
594,594,last night i watched display everything i expect out of the potus donald displayed everything i expect out of a th grader,True
595,595,ever wonder why republicans want voter id obama won in every state that did not require a photo id,True
596,596,me with some of the dangerous terrorists doesn't want to risk giving refuge to syrianrefugees,True
597,597,so that's what they think of us black community leaders in nc respond to top donor saying blacks,False
598,598,huma abedin could be chief of staff dems did you know about this backhand index pointing down crookedhillary crookedstaff,True
599,599,bernie sanders attorney who was suing dnc over stealing election found dead on bathroom floor #,False
600,600,sorry no one was paying attention to your announcement we are all too busy ready wikileaks dncleak,True
601,601,my grandma estelle l schultz age born yrs before women could vote with her absentee ballot for st female p,False
602,602,chaffetz if is clean why does her staff keep pleading the fifth election,True
603,603,which clown would you rather see as president retweet for bozo the clown favorite for donald trump,True
604,604,dncleak wow dnc discussing their faked groping charges against dnc is scum,True
605,605,podestaemails did you ever have doubts whether was pro and blocking other candidates,True
606,606,stopped by little haiti fl last week they weren't too happy w the clintons maga,False
607,607,tell us more about how sexism is wrong gopdebate,True
608,608,it's a great thing that the people of the uk have taken back their country says after brexit,True
609,609,i m not running to be president of the world i m running to be president of the united states ,False
610,610,if donald trump wins i'll paypal everyone that retweeted this electionday,True
611,611,what do we have here looks like uncovered footage of denouncing david duke in he's a bigot,True
612,612,i decided as a student a hispanic and an american to suppo leader a father and a unifier,False
613,613,of florida early voting republicans have voted for,False
614,614,dncleak wow dnc discussing their faked groping charges against dnc is scum,False
615,615,do you pay an angry year old boy to handle your twitter account,True
616,616,good point is the candidate who might end global warming by bringing us nuclear winter don't be,True
617,617,please retweet if not one word you heard say on the access hollywood bus surprised you not one word,False
618,618,has been a great friend for many years we don't need another politician we need a businessman like mr trump trump,False
619,619,it s fascinating voter fraud only seems to plague places where lots of people might vote for,False
620,620,very interesting not following on twitter anymore wonder why that is hmm thinking face thinking face fbimwithher podestaemails,True
621,621,thank you for the tremendous introduction decent people can beat the establishment,True
622,622,dominated this evening's debate don't think ever really got going,False
623,623,ladies and gentlemen,False
624,624,i will not defend or endorse but i am voting for him hrc is that bad hrc is bad for the usa,False
625,625,dude that's freaking cool as heck wind turbine blades will slice million birds and bats to death in yrs,True
626,626,hey not to blame hidden emails smashed devices folks plead th is what put us here truth,False
627,627,republican friends even these guys are voting for,True
628,628,when trump went low went high we're prouder than ever to be with her shewon,False
629,629,that moment when you're pretty sure not even your wife would want to vote for you electionday,True
630,630,check out our new tool every time tweets something offensive automatically donate,True
631,631,breaking historic moment when fbi suspect casts vote for an fbi suspect electionday,True
632,632,sorry no one was paying attention to your announcement we are all too busy ready wikileaks dncleak,True
633,633,i mean if you're so good at negotiating how come you couldn't get,True
634,634,when a presidential candidate can't even trust his own wife to vote for him neve rump electionday,True
635,635,it's not racist to say america first it's nationalist i've always been for my country first that's why i'm for ca nm,False
636,636,voting for i'm almost years old this is the first vote i've done nothing was ever impo,False
637,637,from pue o rico with love middle finger light skin tone middle finger medium-light skin tone middle finger medium skin tone middle finger medium-dark skin tone middle finger dark skin tone,True
638,638,on i hope he will be very much involved in my administration,False
639,639,that timeline microphone right arrow curving down fire,False
640,640,microphone right arrow curving down microphone right arrow curving down microphone right arrow curving down,False
641,641,rnc should sue over the brazile leaked questions viewers who watched should sue as they were duped,False
642,642,show this to those who don't fully grasp the severity of email breach because the media won't,False
643,643,police car light breaking police car light machine refuses to allow vote for trump in pennsylvania voterfraud electionday,False
644,644,there's an impo ant choice to be made today vote wisely  favourite for milk first  retweet for milk last electionday,False
645,645,dear thank u for promising to protect me from terrorists while glossing over the fact that you'd take away my marriage,True
646,646,btw i'm a democrat crossing over to for life trumptrain trump,False
647,647,if anyone knows how to use a delete key it's you,True
648,648,is raising your taxes to a disastrous level is going to lower your taxes  big l,False
649,649,update i've now called charities looking for proof that gave millions of his own to charity,True
650,650,latinos storming precinct sw miami to vote for our one and only president trump,False
651,651,can we trust you watch hillaryforprison,True
